Eidgenössische Volksabstimmung vom  24.11.2013;;;;;;;;;;
Votation populaire fédérale du  24.11.2013;;;;;;;;;;
;;;;;;;;;;
Volksinitiative «1:12 - Für gerechte Löhne» / Initiative populaire «1:12 - Pour des salaires équitables»;;;;;;;;;;
Kanton Bern / Canton de Berne;;;;;;;;;;
;;;;;Stimmzettel / Bulletins;;;;;
Verwaltungskreis;Anzahl Stimmber.;AuslandschweizerInnen;Eingelangte Ausweiskarten;Stimmb.;Eingelangte;Ausser Betracht fallende / non valables;;in Betracht fallende;Ja;Nein
Arrondissement administratif;No. d'?lec.;Suisses de l'?tranger;Nombre de cartes de l?g. rentr?es;Part.;rentr?s ;leer / blancs ;ung?ltig / nuls ;valables;Oui;Non
;;;;;;;;;;
Jura bernois;35961;644;26931;73.96%;26597;680;106;25811;12298;13513
Biel/Bienne;62667;709;30097;47.91%;30023;398;12;29613;12107;17506
Seeland;51896;677;26637;51.12%;26531;288;41;26202;9039;17163
Oberaargau;57251;1242;27950;48.71%;27889;280;72;27537;9433;18104
Emmental;73193;2082;34636;47.21%;34554;406;102;34046;12773;21273
Bern-Mittelland;284540;5323;155302;54.29%;154484;1839;199;152446;59420;93026
Thun;80755;1059;41979;51.80%;41835;494;46;41295;14929;26366
Obersimmental-Saanen;11947;423;6300;52.72%;6299;57;41;6201;1749;4452
Frutigen-Niedersimmental;30609;614;16752;54.54%;16693;240;35;16418;5419;10999
Interlaken-Oberhasli;34008;705;16703;48.84%;16608;224;13;16371;5661;10710
;;;;;;;;;;
Total;722827;13478;383287;52.78%;381513;4906;667;375940;142828;233112
;;;;;;;;;;
Volksinitiative «Familieninitiative: Steuerabzüge auch für Eltern, die ihre Kinder selber betreuen» / Initiative populaire «Initiative pour les familles: déductions fiscales aussi pour les parents qui gardent eux-mêmes leurs enfants»;;;;;;;;;;
Kanton Bern / Canton de Berne;;;;;;;;;;
;;;;;Stimmzettel / Bulletins;;;;;
Verwaltungskreis;Anzahl Stimmber.;AuslandschweizerInnen;Eingelangte Ausweiskarten;Stimmb.;Eingelangte;Ausser Betracht fallende / non valables;;in Betracht fallende;Ja;Nein
Arrondissement administratif;No. d'?lec.;Suisses de l'?tranger;Nombre de cartes de l?g. rentr?es;Part.;rentr?s ;leer / blancs ;ung?ltig / nuls ;valables;Oui;Non
;;;;;;;;;;
Jura bernois;35961;644;26931;73.96%;26596;725;124;25747;11969;13778
Biel/Bienne;62667;709;30097;47.91%;30023;465;19;29539;10838;18701
Seeland;51896;677;26637;51.06%;26496;299;39;26158;12323;13835
Oberaargau;57251;1242;27950;48.71%;27889;294;68;27527;13320;14207
Emmental;73193;2082;34636;47.21%;34554;392;104;34058;16813;17245
Bern-Mittelland;284540;5323;155302;54.29%;154483;1881;185;152417;55664;96753
Thun;80755;1059;41979;51.80%;41835;463;51;41321;20262;21059
Obersimmental-Saanen;11947;423;6300;52.72%;6299;51;46;6202;3688;2514
Frutigen-Niedersimmental;30609;614;16752;54.55%;16697;191;34;16472;9389;7083
Interlaken-Oberhasli;34008;705;16703;48.84%;16608;215;17;16376;8237;8139
;;;;;;;;;;
Total;722827;13478;383287;52.78%;381480;4976;687;375817;162503;213314
;;;;;;;;;;
Änderung des Nationalstrassenabgabegesetzes (Autobahnvignette) / Modification de la loi sur la vignette autoroutière;;;;;;;;;;
Kanton Bern / Canton de Berne;;;;;;;;;;
;;;;;Stimmzettel / Bulletins;;;;;
Verwaltungskreis;Anzahl Stimmber.;AuslandschweizerInnen;Eingelangte Ausweiskarten;Stimmb.;Eingelangte;Ausser Betracht fallende / non valables;;in Betracht fallende;Ja;Nein
Arrondissement administratif;No. d'?lec.;Suisses de l'?tranger;Nombre de cartes de l?g. rentr?es;Part.;rentr?s ;leer / blancs ;ung?ltig / nuls ;valables;Oui;Non
;;;;;;;;;;
Jura bernois;35961;644;26931;73.96%;26597;363;90;26144;6939;19205
Biel/Bienne;62667;709;30097;47.91%;30023;409;13;29601;11698;17903
Seeland;51896;677;26637;51.12%;26531;221;38;26272;9355;16917
Oberaargau;57251;1242;27950;48.71%;27889;241;66;27582;9865;17717
Emmental;73193;2082;34636;47.21%;34554;355;103;34096;12839;21257
Bern-Mittelland;284540;5323;155302;54.29%;154484;2441;183;151860;70865;80995
Thun;80755;1059;41979;51.80%;41835;477;47;41311;13183;28128
Obersimmental-Saanen;11947;423;6300;52.72%;6299;49;43;6207;2303;3904
Frutigen-Niedersimmental;30609;614;16752;54.55%;16698;171;29;16498;5552;10946
Interlaken-Oberhasli;34008;705;16703;48.84%;16608;167;13;16428;6285;10143
;;;;;;;;;;
Total;722827;13478;383287;52.78%;381518;4894;625;375999;148884;227115
;;;;;;;;;;
Volksinitiative «1:12 - Für gerechte Löhne» / Initiative populaire «1:12 - Pour des salaires équitables»;;;;;;;;;;
Jura bernois;;;;;;;;;;
;;;;;Stimmzettel / Bulletins;;;;;
Abstimmungskreis;Anzahl Stimmber.;AuslandschweizerInnen;Eingelangte Ausweiskarten;Stimmb.;Eingelangte;Ausser Betracht fallende / non valables;;in Betracht fallende;Ja;Nein
Circ. Politique;No. d'?lec.;Suisses de l'?tranger;Nombre de cartes de l?g. rentr?es;Part.;rentr?s ;leer / blancs ;ung?ltig / nuls ;valables;Oui;Non
;;;;;;;;;;
Belprahon;246;2;223;90.65%;223;2;1;220;87;133
Bévilard;1187;17;925;77.51%;920;29;0;891;409;482
Champoz;126;3;113;89.68%;113;4;0;109;31;78
Châtelat;79;6;65;82.28%;65;2;0;63;27;36
Corcelles;170;3;148;85.88%;146;5;0;141;53;88
Corgémont;1111;8;882;78.40%;871;25;1;845;349;496
Cormoret;372;9;286;75.54%;281;3;0;278;146;132
Cortébert;503;2;359;70.38%;354;6;5;343;161;182
Court;1026;12;817;77.68%;797;36;0;761;280;481
Courtelary;875;9;693;78.17%;684;14;7;663;337;326
Crémines;405;8;317;77.53%;314;10;0;304;157;147
Diesse;318;8;226;70.75%;225;4;0;221;114;107
Eschert;256;2;205;79.69%;204;3;0;201;89;112
Grandval;281;3;237;82.56%;232;6;3;223;121;102
La Ferrière;406;10;287;70.20%;285;8;0;277;152;125
La Heutte;363;6;265;73.00%;265;8;0;257;100;157
Lamboing;526;10;373;70.34%;370;17;0;353;198;155
La Neuveville;2575;53;1801;69.36%;1786;24;11;1751;755;996
Loveresse;240;3;188;77.50%;186;5;0;181;85;96
Malleray;1305;20;1006;75.86%;990;26;1;963;454;509
Monible;30;3;25;83.33%;25;0;0;25;12;13
Mont-Tramelan;110;21;87;79.09%;87;3;1;83;29;54
Moutier;4757;80;3702;76.88%;3657;95;1;3561;1913;1648
Nods;558;12;404;72.22%;403;8;3;392;158;234
Orvin;892;13;676;75.34%;672;16;8;648;281;367
Perrefitte;319;2;276;84.64%;270;8;0;262;113;149
Péry;954;11;676;70.65%;674;17;0;657;310;347
Plagne;295;4;218;72.20%;213;13;1;199;90;109
Pontenet;152;2;130;82.89%;126;7;0;119;66;53
Prêles;666;13;477;71.32%;475;8;2;465;220;245
Rebévelier;35;3;34;97.14%;34;0;0;34;27;7
Reconvilier;1491;6;1147;75.59%;1127;26;0;1101;527;574
Renan ;666;28;479;71.32%;475;11;5;459;208;251
Roches;167;0;135;80.24%;134;2;0;132;51;81
Romont ;154;7;106;67.53%;104;2;0;102;43;59
Saicourt;456;12;340;74.12%;338;4;4;330;132;198
Saint-Imier;2970;45;1930;64.48%;1915;32;14;1869;892;977
Saules ;122;5;108;86.89%;106;0;0;106;39;67
Schelten;53;24;26;49.06%;26;0;5;21;16;5
Seehof;63;9;41;65.08%;41;5;0;36;12;24
Sonceboz-Sombeval;1206;8;881;69.40%;837;31;0;806;364;442
Sonvilier;851;29;596;70.04%;596;25;16;555;301;254
Sornetan;103;4;88;85.44%;88;3;0;85;39;46
Sorvilier;200;5;164;81.00%;162;5;0;157;90;67
Souboz;89;0;81;91.01%;81;2;0;79;48;31
Tavannes;2251;25;1593;68.90%;1551;46;0;1505;715;790
Tramelan;3045;71;2404;78.26%;2383;58;17;2308;1158;1150
Vauffelin;299;1;193;63.88%;191;5;0;186;91;95
Villeret;637;7;498;77.71%;495;11;0;484;248;236
;;;;;;;;;;
Total;35961;644;26931;73.96%;26597;680;106;25811;12298;13513
;;;;;;;;;;
Volksinitiative «1:12 - Für gerechte Löhne» / Initiative populaire «1:12 - Pour des salaires équitables»;;;;;;;;;;
Biel/Bienne;;;;;;;;;;
;;;;;Stimmzettel / Bulletins;;;;;
Abstimmungskreis;Anzahl Stimmber.;AuslandschweizerInnen;Eingelangte Ausweiskarten;Stimmb.;Eingelangte;Ausser Betracht fallende / non valables;;in Betracht fallende;Ja;Nein
Circ. Politique;No. d'?lec.;Suisses de l'?tranger;Nombre de cartes de l?g. rentr?es;Part.;rentr?s ;leer / blancs ;ung?ltig / nuls ;valables;Oui;Non
;;;;;;;;;;
Aegerten;1303;10;665;50.35%;656;5;0;651;222;429
Bellmund;1160;12;698;60.09%;697;12;0;685;180;505
Biel / Bienne;31742;442;14208;44.64%;14170;226;1;13943;6703;7240
Brügg;2852;23;1309;45.86%;1308;11;0;1297;494;803
Evilard/Leubringen;1757;15;1033;58.79%;1033;18;0;1015;334;681
Ipsach;2949;13;1682;56.90%;1678;24;0;1654;529;1125
Lengnau ;3187;31;1534;48.10%;1533;28;0;1505;578;927
Ligerz;425;7;276;64.71%;275;2;0;273;87;186
Meinisberg;952;14;523;54.94%;523;5;0;518;166;352
Mörigen;689;7;444;64.30%;443;3;0;440;80;360
Nidau;4555;41;2068;45.40%;2068;18;0;2050;844;1206
Orpund;1911;14;904;47.25%;903;13;0;890;310;580
Pieterlen;2446;15;1027;41.99%;1027;3;4;1020;388;632
Port;2538;11;1397;55.04%;1397;14;2;1381;413;968
Safnern;1414;19;818;57.14%;808;3;0;805;284;521
Scheuren;352;4;175;48.30%;170;3;0;167;66;101
Schwadernau;496;5;253;51.01%;253;2;0;251;79;172
Sutz-Lattrigen;1027;5;556;54.14%;556;5;5;546;167;379
Twann-Tüscherz;912;21;527;57.57%;525;3;0;522;183;339
;;;;;;;;;;
Total;62667;709;30097;47.91%;30023;398;12;29613;12107;17506
;;;;;;;;;;
Volksinitiative «1:12 - Für gerechte Löhne» / Initiative populaire «1:12 - Pour des salaires équitables»;;;;;;;;;;
Seeland;;;;;;;;;;
;;;;;Stimmzettel / Bulletins;;;;;
Abstimmungskreis;Anzahl Stimmber.;AuslandschweizerInnen;Eingelangte Ausweiskarten;Stimmb.;Eingelangte;Ausser Betracht fallende / non valables;;in Betracht fallende;Ja;Nein
Circ. Politique;No. d'?lec.;Suisses de l'?tranger;Nombre de cartes de l?g. rentr?es;Part.;rentr?s ;leer / blancs ;ung?ltig / nuls ;valables;Oui;Non
;;;;;;;;;;
Aarberg;3168;20;1683;53.06%;1681;18;0;1663;507;1156
Arch;1143;13;628;54.86%;627;7;0;620;229;391
Bangerten;130;8;70;53.85%;70;2;0;68;27;41
Bargen;765;11;390;50.85%;389;6;0;383;148;235
Brüttelen;419;7;228;54.42%;228;2;3;223;65;158
Büetigen;613;10;321;52.04%;319;2;0;317;107;210
Bühl;332;2;170;51.20%;170;2;0;168;52;116
Büren und Meienried;2446;33;1217;49.67%;1215;16;0;1199;383;816
Diessbach bei Büren;667;12;344;51.57%;344;8;4;332;116;216
Dotzigen;1067;9;518;48.36%;516;10;0;506;207;299
Epsach;265;3;124;46.79%;124;0;0;124;61;63
Erlach;972;15;564;57.61%;560;4;0;556;207;349
Finsterhennen;311;2;162;52.09%;162;0;0;162;56;106
Gals;529;8;249;46.88%;248;4;0;244;90;154
Gampelen;597;7;322;53.94%;322;4;0;318;95;223
Grossaffoltern;2263;47;1181;52.14%;1180;9;6;1165;377;788
Hagneck;329;2;176;53.50%;176;2;0;174;70;104
Hermrigen;214;5;114;53.27%;114;3;0;111;37;74
Ins;2234;22;1268;56.67%;1266;15;0;1251;445;806
Jens;535;8;293;54.77%;293;1;0;292;93;199
Kallnach;1478;27;717;48.51%;717;3;0;714;303;411
Kappelen;956;5;523;54.50%;521;5;0;516;189;327
Leuzigen;953;27;519;54.25%;517;10;0;507;175;332
Lüscherz;414;4;172;41.55%;172;1;0;171;59;112
Lyss;9895;72;4717;47.16%;4666;45;0;4621;1554;3067
Merzligen;315;5;193;61.27%;193;3;0;190;58;132
Müntschemier;782;16;445;56.91%;445;2;0;443;133;310
Oberwil bei Büren;628;16;322;50.80%;319;3;0;316;97;219
Radelfingen;989;25;504;50.96%;504;6;0;498;197;301
Rapperswil ;1888;55;909;48.09%;908;12;0;896;299;597
Rüti bei Büren;657;15;346;52.51%;345;2;5;338;145;193
Schüpfen;2809;22;1473;52.44%;1473;15;9;1449;534;915
Seedorf ;2361;52;1250;52.94%;1250;14;9;1227;448;779
Siselen;462;19;224;48.48%;224;2;0;222;81;141
Studen;2112;9;975;45.64%;964;12;0;952;294;658
Täuffelen;2048;24;1116;53.66%;1099;10;0;1089;373;716
Treiten;327;3;169;51.68%;169;2;0;167;42;125
Tschugg;307;7;180;58.63%;180;1;0;179;77;102
Vinelz;640;13;339;52.97%;339;2;5;332;74;258
Walperswil;751;6;403;53.66%;403;7;0;396;149;247
Wengi;429;4;231;53.85%;231;1;0;230;88;142
Worben;1696;7;888;52.36%;888;15;0;873;298;575
;;;;;;;;;;
Total;51896;677;26637;51.12%;26531;288;41;26202;9039;17163
;;;;;;;;;;
Volksinitiative «1:12 - Für gerechte Löhne» / Initiative populaire «1:12 - Pour des salaires équitables»;;;;;;;;;;
Oberaargau;;;;;;;;;;
;;;;;Stimmzettel / Bulletins;;;;;
Abstimmungskreis;Anzahl Stimmber.;AuslandschweizerInnen;Eingelangte Ausweiskarten;Stimmb.;Eingelangte;Ausser Betracht fallende / non valables;;in Betracht fallende;Ja;Nein
Circ. Politique;No. d'?lec.;Suisses de l'?tranger;Nombre de cartes de l?g. rentr?es;Part.;rentr?s ;leer / blancs ;ung?ltig / nuls ;valables;Oui;Non
;;;;;;;;;;
Aarwangen;2998;30;1564;52.17%;1564;9;0;1555;464;1091
Attiswil;1055;15;589;53.93%;569;5;0;564;181;383
Auswil;393;28;181;46.06%;181;0;0;181;69;112
Bannwil;527;19;282;53.32%;281;2;0;279;105;174
Berken;40;0;28;70.00%;28;0;0;28;8;20
Bettenhausen;571;15;335;58.67%;335;4;0;331;112;219
Bleienbach;545;11;282;51.74%;282;6;0;276;93;183
Busswil bei Melchnau;160;11;85;53.12%;85;2;0;83;29;54
Eriswil;1106;64;436;39.42%;436;9;0;427;178;249
Farnern;163;4;85;52.15%;85;0;0;85;34;51
Gondiswil;601;33;288;47.75%;287;2;0;285;83;202
Graben;242;9;127;52.48%;127;2;0;125;44;81
Heimenhausen;799;12;388;48.56%;388;1;0;387;114;273
Hermiswil;72;0;46;63.89%;46;1;0;45;19;26
Herzogenbuchsee;4863;37;2261;46.41%;2257;12;0;2245;745;1500
Huttwil;3562;78;1664;46.72%;1664;13;27;1624;518;1106
Inkwil;517;7;259;49.90%;258;3;0;255;101;154
Langenthal;10335;139;4858;46.89%;4846;59;1;4786;1491;3295
Lotzwil;1667;15;900;53.93%;899;9;0;890;322;568
Madiswil;2463;51;1253;50.87%;1253;21;14;1218;405;813
Melchnau;1112;35;508;45.41%;505;9;0;496;178;318
Niederbipp;2884;56;1298;44.97%;1297;2;3;1292;457;835
Niederönz;1168;9;677;57.96%;677;10;7;660;259;401
Oberbipp;1177;9;595;50.47%;594;4;0;590;201;389
Obersteckholz;332;9;170;51.20%;170;2;0;168;46;122
Ochlenberg;472;14;251;53.18%;251;1;0;250;104;146
Oeschenbach;202;8;88;43.56%;88;1;0;87;50;37
Reisiswil;157;18;69;43.95%;69;0;0;69;18;51
Roggwil (BE);2714;48;1327;48.89%;1327;19;3;1305;449;856
Rohrbach;1145;90;532;46.29%;530;10;0;520;203;317
Rohrbachgraben;325;11;154;47.38%;154;0;0;154;36;118
Rumisberg;387;5;231;59.69%;231;2;0;229;79;150
Rütschelen;438;12;239;54.57%;239;1;0;238;85;153
Schwarzhäusern;398;20;208;52.26%;208;3;0;205;58;147
Seeberg;1178;72;616;52.21%;615;6;4;605;227;378
Thörigen;850;17;442;50.82%;432;5;0;427;140;287
Thunstetten;2126;38;1008;47.37%;1007;10;0;997;469;528
Ursenbach;718;22;319;44.43%;319;4;0;315;112;203
Walliswil bei Niederbipp;179;6;89;49.72%;89;1;0;88;44;44
Walliswil bei Wangen;486;8;246;50.41%;245;1;0;244;76;168
Walterswil (BE);439;31;186;42.37%;186;0;0;186;72;114
Wangen an der Aare;1560;7;807;51.73%;807;16;0;791;238;553
Wangenried;325;5;176;54.15%;176;0;0;176;72;104
Wiedlisbach;1605;27;728;45.36%;728;7;1;720;240;480
Wolfisberg;154;8;81;52.60%;81;0;1;80;30;50
Wynau;1083;11;568;52.35%;567;3;10;554;203;351
Wyssachen;958;68;426;44.47%;426;3;1;422;172;250
;;;;;;;;;;
Total;57251;1242;27950;48.71%;27889;280;72;27537;9433;18104
;;;;;;;;;;
Volksinitiative «1:12 - Für gerechte Löhne» / Initiative populaire «1:12 - Pour des salaires équitables»;;;;;;;;;;
Emmental;;;;;;;;;;
;;;;;Stimmzettel / Bulletins;;;;;
Abstimmungskreis;Anzahl Stimmber.;AuslandschweizerInnen;Eingelangte Ausweiskarten;Stimmb.;Eingelangte;Ausser Betracht fallende / non valables;;in Betracht fallende;Ja;Nein
Circ. Politique;No. d'?lec.;Suisses de l'?tranger;Nombre de cartes de l?g. rentr?es;Part.;rentr?s ;leer / blancs ;ung?ltig / nuls ;valables;Oui;Non
;;;;;;;;;;
Aefligen;826;1;433;52.30%;432;5;1;426;178;248
Affoltern im Emmental;975;28;434;44.10%;430;12;1;417;140;277
Alchenstorf;454;5;230;50.66%;230;1;0;229;71;158
Bätterkinden;2388;16;1215;50.88%;1215;10;12;1193;492;701
Burgdorf;11407;112;5688;49.62%;5660;75;3;5582;2185;3397
Dürrenroth;842;31;347;41.45%;349;6;0;343;111;232
Eggiwil;2006;111;851;42.42%;851;14;13;824;332;492
Ersigen, Niederösch, Oberösch;1581;37;894;56.42%;892;9;2;881;473;408
Hasle bei Burgdorf;2541;62;1005;39.55%;1005;9;0;996;381;615
Heimiswil;1220;59;566;46.39%;566;10;5;551;192;359
Hindelbank;1709;15;803;46.93%;802;9;0;793;248;545
Höchstetten und Hellsau;355;1;165;46.48%;165;1;0;164;57;107
Kernenried;338;9;167;49.11%;166;5;1;160;59;101
Kirchberg ;4159;20;2219;53.35%;2219;20;0;2199;715;1484
Koppigen;1567;8;797;50.86%;797;4;0;793;276;517
Krauchthal;1822;25;947;51.92%;946;10;7;929;326;603
Langnau ;7205;321;3284;45.48%;3277;37;27;3213;1270;1943
Lauperswil;2173;102;906;41.46%;901;14;0;887;355;532
Lützelflüh;3188;110;1451;45.45%;1449;17;0;1432;515;917
Lyssach;1089;10;593;54.36%;592;6;5;581;208;373
Mötschwil und Rüti b.L.;243;10;123;50.62%;123;0;1;122;47;75
Oberburg;2049;14;943;45.68%;936;14;0;922;322;600
Röthenbach im Emmental;1015;54;415;40.89%;415;4;0;411;144;267
Rüderswil;1907;95;889;45.78%;873;12;0;861;323;538
Rüdtligen-Alchenflüh;1540;5;617;40.06%;617;10;0;607;224;383
Rüegsau;2519;67;1270;50.38%;1269;15;13;1241;403;838
Rumendingen;72;1;41;56.94%;41;1;0;40;7;33
Schangnau;761;75;342;44.94%;342;4;2;336;128;208
Signau;2180;68;965;44.17%;963;19;6;938;354;584
Sumiswald;4085;222;1748;42.77%;1747;20;0;1727;652;1075
Trachselwald;789;39;351;44.49%;351;5;0;346;128;218
Trub;1252;208;441;35.22%;441;5;0;436;196;240
Trubschachen;1086;34;486;44.66%;485;4;3;478;180;298
Utzenstorf;3126;44;1620;51.82%;1620;7;0;1613;587;1026
Wiler bei Utzenstorf;654;7;324;49.54%;324;5;0;319;124;195
Willadingen;174;2;113;64.94%;113;2;0;111;34;77
Wynigen;1625;52;811;49.85%;810;5;0;805;297;508
Zielebach;271;2;142;51.66%;140;0;0;140;39;101
;;;;;;;;;;
Total;73193;2082;34636;47.21%;34554;406;102;34046;12773;21273
;;;;;;;;;;
Volksinitiative «1:12 - Für gerechte Löhne» / Initiative populaire «1:12 - Pour des salaires équitables»;;;;;;;;;;
Bern-Mittelland;;;;;;;;;;
;;;;;Stimmzettel / Bulletins;;;;;
Abstimmungskreis;Anzahl Stimmber.;AuslandschweizerInnen;Eingelangte Ausweiskarten;Stimmb.;Eingelangte;Ausser Betracht fallende / non valables;;in Betracht fallende;Ja;Nein
Circ. Politique;No. d'?lec.;Suisses de l'?tranger;Nombre de cartes de l?g. rentr?es;Part.;rentr?s ;leer / blancs ;ung?ltig / nuls ;valables;Oui;Non
;;;;;;;;;;
Allmendingen;414;1;248;59.90%;248;2;2;244;109;135
Arni ;779;35;341;43.65%;340;2;0;338;106;232
Bäriswil;814;11;461;56.63%;461;1;0;460;181;279
Belp;8277;63;4519;53.50%;4428;53;1;4374;1440;2934
Bern;86225;2313;45850;53.04%;45736;610;25;45101;21490;23611
Biglen;1344;30;627;46.65%;627;4;0;623;201;422
Bleiken bei Oberdiessbach;306;18;164;53.59%;164;1;0;163;61;102
Bolligen;4732;103;3211;67.60%;3199;20;16;3163;919;2244
Bowil;1101;23;460;41.78%;460;6;0;454;183;271
Bremgarten ;3216;37;2059;63.84%;2053;23;0;2030;695;1335
Brenzikofen;417;2;220;52.76%;220;0;0;220;79;141
Büren zum Hof;341;5;230;67.45%;230;4;1;225;89;136
Diemerswil;140;4;81;57.86%;81;0;0;81;28;53
Etzelkofen;259;3;148;57.14%;148;0;0;148;39;109
Ferenbalm;970;14;562;57.53%;558;5;0;553;204;349
Fraubrunnen;1375;11;850;61.53%;846;5;0;841;255;586
Frauenkappelen;957;7;538;56.22%;538;6;0;532;192;340
Freimettigen;346;4;193;55.49%;192;1;0;191;74;117
Gelterfingen;217;6;105;48.39%;105;1;0;104;41;63
Gerzensee;902;11;486;53.88%;486;5;4;477;155;322
Golaten;243;6;128;52.67%;128;2;1;125;39;86
Grafenried;765;19;464;60.65%;464;0;0;464;138;326
Grosshöchstetten;2572;50;1360;52.88%;1360;10;0;1350;430;920
Guggisberg;1323;107;528;39.46%;522;9;1;512;233;279
Gurbrü;196;12;107;54.59%;107;2;0;105;32;73
Häutligen;205;7;112;54.63%;112;3;0;109;53;56
Herbligen;446;16;211;47.31%;211;5;0;206;62;144
Iffwil;330;9;171;51.82%;171;3;0;168;55;113
Ittigen;7547;85;3898;51.60%;3894;47;1;3846;1311;2535
Jegenstorf;3598;27;2134;59.09%;2126;30;0;2096;629;1467
Kaufdorf;752;7;463;61.57%;463;2;0;461;204;257
Kehrsatz;2750;25;1608;58.47%;1608;21;0;1587;551;1036
Kiesen;669;7;387;57.85%;387;2;0;385;134;251
Kirchdorf, Jaberg, Noflen;1122;31;638;56.86%;638;12;0;626;213;413
Kirchenthurnen;224;3;115;51.34%;115;1;0;114;43;71
Kirchlindach;2276;21;1484;62.96%;1433;16;1;1416;492;924
Köniz;27946;353;15471;54.93%;15352;225;2;15125;5724;9401
Konolfingen;3776;56;2044;52.54%;1984;14;8;1962;710;1252
Kriechenwil;345;10;194;56.23%;194;4;0;190;67;123
Landiswil;531;35;221;41.62%;221;1;0;220;101;119
Laupen;2106;13;1055;50.09%;1055;8;0;1047;368;679
Limpach;272;9;141;51.47%;140;1;0;139;48;91
Linden;1055;53;487;46.16%;487;6;0;481;157;324
Lohnstorf;163;2;92;56.44%;92;2;0;90;29;61
Mattstetten;479;13;298;61.38%;294;1;3;290;86;204
Meikirch;1956;30;1176;60.12%;1176;12;23;1141;392;749
Mirchel;458;13;210;44.98%;206;2;1;203;72;131
Moosseedorf;2564;28;1295;50.39%;1292;15;0;1277;430;847
Mühleberg;2154;38;1189;55.20%;1189;16;0;1173;399;774
Mühledorf ;179;5;109;60.89%;109;3;1;105;35;70
Mühlethurnen;1089;12;690;63.36%;690;9;0;681;277;404
Mülchi;182;1;107;58.79%;107;3;0;104;47;57
Münchenbuchsee;6957;55;3749;53.66%;3733;39;0;3694;1289;2405
Münchenwiler und Clavaleyres;375;4;187;49.87%;187;6;0;181;47;134
Münchringen;478;9;335;69.25%;331;3;0;328;97;231
Münsingen;8644;60;4841;55.52%;4799;57;0;4742;1558;3184
Muri bei Bern;9529;161;6089;62.92%;5996;40;28;5928;1544;4384
Neuenegg;3655;31;1977;54.06%;1976;21;0;1955;724;1231
Niederhünigen;479;8;254;53.03%;254;4;0;250;96;154
Oberbalm;703;32;360;51.07%;359;3;7;349;170;179
Oberdiessbach;2348;46;1197;50.98%;1197;4;3;1190;450;740
Oberhünigen;225;0;117;52.00%;117;2;4;111;51;60
Oberthal;628;22;283;45.06%;283;3;0;280;105;175
Oppligen;504;12;254;50.40%;254;2;0;252;99;153
Ostermundigen;10174;59;4784;46.90%;4772;41;0;4731;1808;2923
Riggisberg;1910;31;901;47.12%;900;12;10;878;343;535
Rubigen;2208;18;1297;58.56%;1293;18;0;1275;486;789
Rüeggisberg;1501;52;682;45.37%;681;12;0;669;306;363
Rümligen;356;1;208;58.43%;208;1;2;205;82;123
Rüschegg;1404;106;584;41.60%;584;3;0;581;262;319
Schalunen;282;1;162;57.09%;161;4;0;157;65;92
Scheunen;57;0;33;57.89%;33;0;0;33;12;21
Schlosswil;514;19;260;50.39%;259;6;0;253;85;168
Schwarzenburg;5451;148;2729;49.97%;2724;31;0;2693;1157;1536
Stettlen;2159;23;1216;56.28%;1215;10;1;1204;404;800
Tägertschi;302;3;164;54.30%;164;2;0;162;56;106
Toffen;1917;17;1086;56.29%;1079;17;23;1039;368;671
Urtenen-Schönbühl;4245;23;2005;47.18%;2003;19;0;1984;696;1288
Vechigen;3814;66;2251;58.89%;2246;22;4;2220;861;1359
Wald und Niedermuhlern;1350;57;677;50.07%;676;6;0;670;240;430
Walkringen;1443;57;770;52.60%;759;13;0;746;279;467
Wichtrach;3094;22;1572;50.78%;1571;12;17;1542;505;1037
Wiggiswil und Deisswil b.M.;147;9;80;54.42%;80;0;0;80;30;50
Wileroltigen;279;10;116;41.58%;116;1;0;115;46;69
Wohlen;6898;131;4532;64.96%;4481;59;7;4415;1658;2757
Worb;8244;97;4649;55.79%;4599;70;2;4527;1607;2920
Zauggenried;266;21;153;56.39%;150;1;0;149;72;77
Zäziwil;1246;34;599;48.07%;599;7;0;592;223;369
Zollikofen;6896;63;3931;56.86%;3921;50;0;3871;1358;2513
Zuzwil;453;11;278;61.15%;277;2;0;275;79;196
;;;;;;;;;;
Total;284540;5323;155302;54.29%;154484;1839;199;152446;59420;93026
;;;;;;;;;;
Volksinitiative «1:12 - Für gerechte Löhne» / Initiative populaire «1:12 - Pour des salaires équitables»;;;;;;;;;;
Thun;;;;;;;;;;
;;;;;Stimmzettel / Bulletins;;;;;
Abstimmungskreis;Anzahl Stimmber.;AuslandschweizerInnen;Eingelangte Ausweiskarten;Stimmb.;Eingelangte;Ausser Betracht fallende / non valables;;in Betracht fallende;Ja;Nein
Circ. Politique;No. d'?lec.;Suisses de l'?tranger;Nombre de cartes de l?g. rentr?es;Part.;rentr?s ;leer / blancs ;ung?ltig / nuls ;valables;Oui;Non
;;;;;;;;;;
Amsoldingen;629;18;427;66.77%;420;7;0;413;127;286
Blumenstein;961;22;487;50.68%;487;13;0;474;163;311
Buchholterberg;1250;54;648;51.84%;648;7;0;641;195;446
Burgistein;836;20;432;51.67%;432;0;0;432;187;245
Eriz;429;41;198;46.15%;198;7;0;191;59;132
Fahrni;631;11;321;50.87%;321;9;0;312;100;212
Forst-Längenbühl;591;12;345;58.38%;345;7;0;338;135;203
Gurzelen;607;6;322;52.72%;320;4;0;316;149;167
Heiligenschwendi;516;17;290;56.20%;290;9;0;281;108;173
Heimberg;4945;19;2456;49.61%;2453;23;2;2428;866;1562
Hilterfingen;3155;22;1752;55.53%;1752;26;0;1726;508;1218
Höfen;341;17;187;54.84%;187;0;0;187;66;121
Homberg;384;14;193;50.26%;193;2;1;190;60;130
Horrenbach-Buchen;199;0;103;51.76%;103;4;0;99;44;55
Niederstocken;208;1;103;49.52%;103;6;0;97;44;53
Oberhofen ;1867;37;1164;62.29%;1163;11;12;1140;356;784
Oberlangenegg;387;20;200;51.42%;199;5;2;192;58;134
Oberstocken;219;4;113;51.60%;113;1;0;112;46;66
Pohlern;201;3;100;49.75%;100;2;0;98;36;62
Reutigen;767;5;421;54.89%;421;3;0;418;147;271
Schwendibach;200;6;112;56.00%;112;2;0;110;45;65
Seftigen;1703;12;892;52.38%;892;8;0;884;335;549
Sigriswil;3762;137;2148;55.85%;2101;20;0;2081;752;1329
Steffisburg;11795;94;6303;53.40%;6299;55;1;6243;2192;4051
Teuffenthal;140;14;70;50.00%;70;1;0;69;30;39
Thierachern;1837;8;992;53.84%;989;8;0;981;357;624
Thun;32295;320;15757;48.62%;15702;197;0;15505;5792;9713
Uebeschi;504;3;277;54.96%;277;5;0;272;125;147
Uetendorf;4650;31;2526;54.09%;2515;18;28;2469;834;1635
Unterlangenegg;747;8;357;47.79%;357;5;0;352;132;220
Uttigen und Kienersrüti;1423;16;876;60.86%;866;4;0;862;308;554
Wachseldorn;188;1;100;53.19%;100;0;0;100;36;64
Wattenwil;2181;64;1189;54.52%;1189;21;0;1168;483;685
Zwieselberg;207;2;118;57.00%;118;4;0;114;54;60
;;;;;;;;;;
Total;80755;1059;41979;51.80%;41835;494;46;41295;14929;26366
;;;;;;;;;;
Volksinitiative «1:12 - Für gerechte Löhne» / Initiative populaire «1:12 - Pour des salaires équitables»;;;;;;;;;;
Obersimmental-Saanen;;;;;;;;;;
;;;;;Stimmzettel / Bulletins;;;;;
Abstimmungskreis;Anzahl Stimmber.;AuslandschweizerInnen;Eingelangte Ausweiskarten;Stimmb.;Eingelangte;Ausser Betracht fallende / non valables;;in Betracht fallende;Ja;Nein
Circ. Politique;No. d'?lec.;Suisses de l'?tranger;Nombre de cartes de l?g. rentr?es;Part.;rentr?s ;leer / blancs ;ung?ltig / nuls ;valables;Oui;Non
;;;;;;;;;;
Boltigen;1108;36;510;45.94%;509;5;0;504;208;296
Gsteig;724;12;344;47.51%;344;5;0;339;90;249
Lauenen;619;38;305;49.27%;305;4;0;301;81;220
Lenk;1827;101;931;50.96%;931;11;13;907;248;659
Saanen;4323;139;2365;54.71%;2365;2;28;2335;572;1763
St.Stephan;1042;44;628;60.27%;628;14;0;614;167;447
Zweisimmen;2304;53;1217;52.82%;1217;16;0;1201;383;818
;;;;;;;;;;
Total;11947;423;6300;52.72%;6299;57;41;6201;1749;4452
;;;;;;;;;;
Volksinitiative «1:12 - Für gerechte Löhne» / Initiative populaire «1:12 - Pour des salaires équitables»;;;;;;;;;;
Frutigen-Niedersimmental;;;;;;;;;;
;;;;;Stimmzettel / Bulletins;;;;;
Abstimmungskreis;Anzahl Stimmber.;AuslandschweizerInnen;Eingelangte Ausweiskarten;Stimmb.;Eingelangte;Ausser Betracht fallende / non valables;;in Betracht fallende;Ja;Nein
Circ. Politique;No. d'?lec.;Suisses de l'?tranger;Nombre de cartes de l?g. rentr?es;Part.;rentr?s ;leer / blancs ;ung?ltig / nuls ;valables;Oui;Non
;;;;;;;;;;
Adelboden;2699;111;1768;64.91%;1752;39;0;1713;415;1298
Aeschi ;1698;37;894;52.59%;893;15;0;878;337;541
Därstetten;654;3;310;47.40%;310;2;0;308;95;213
Diemtigen;1694;54;873;51.42%;871;17;0;854;298;556
Erlenbach;1320;6;672;50.91%;672;12;0;660;208;452
Frutigen;5159;128;2932;56.52%;2916;37;33;2846;887;1959
Kandergrund;630;23;319;50.63%;319;2;0;317;131;186
Kandersteg;892;17;498;55.83%;498;3;0;495;130;365
Krattigen;857;14;466;54.38%;466;14;1;451;137;314
Oberwil ;700;38;370;51.86%;363;3;0;360;131;229
Reichenbach ;2749;58;1383;50.05%;1376;21;1;1354;468;886
Spiez;9692;101;5293;54.52%;5284;64;0;5220;1882;3338
Wimmis;1865;24;974;52.17%;973;11;0;962;300;662
;;;;;;;;;;
Total;30609;614;16752;54.54%;16693;240;35;16418;5419;10999
;;;;;;;;;;
Volksinitiative «1:12 - Für gerechte Löhne» / Initiative populaire «1:12 - Pour des salaires équitables»;;;;;;;;;;
Interlaken-Oberhasli;;;;;;;;;;
;;;;;Stimmzettel / Bulletins;;;;;
Abstimmungskreis;Anzahl Stimmber.;AuslandschweizerInnen;Eingelangte Ausweiskarten;Stimmb.;Eingelangte;Ausser Betracht fallende / non valables;;in Betracht fallende;Ja;Nein
Circ. Politique;No. d'?lec.;Suisses de l'?tranger;Nombre de cartes de l?g. rentr?es;Part.;rentr?s ;leer / blancs ;ung?ltig / nuls ;valables;Oui;Non
;;;;;;;;;;
Beatenberg;872;36;464;53.10%;463;10;3;450;175;275
Bönigen;1929;25;932;48.32%;932;10;0;922;344;578
Brienz;2301;60;1131;48.98%;1127;16;0;1111;380;731
Brienzwiler;393;13;181;46.06%;181;0;0;181;59;122
Därligen;309;11;142;45.95%;142;1;0;141;53;88
Gadmen;205;17;76;37.07%;76;3;0;73;28;45
Grindelwald;2664;90;1205;44.63%;1189;23;0;1166;298;868
Gsteigwiler;336;12;159;47.32%;159;6;0;153;61;92
Gündlischwand;230;3;120;52.17%;120;2;0;118;35;83
Guttannen;232;8;103;44.40%;103;1;0;102;39;63
Habkern;478;12;232;48.54%;232;5;0;227;76;151
Hasliberg;869;40;393;44.99%;391;5;0;386;132;254
Hofstetten ;422;0;221;52.37%;221;4;2;215;78;137
Innertkirchen;645;20;303;46.98%;303;2;0;301;124;177
Interlaken;3602;47;1795;49.83%;1795;18;0;1777;585;1192
Iseltwald;320;10;146;45.62%;146;0;0;146;54;92
Lauterbrunnen;1663;63;792;47.62%;792;7;3;782;245;537
Leissigen;744;8;387;52.02%;387;7;0;380;144;236
Lütschental;200;9;83;41.50%;83;1;0;82;32;50
Matten ;2715;22;1414;49.83%;1353;18;0;1335;474;861
Meiringen;3300;28;1656;49.88%;1646;14;0;1632;575;1057
Niederried ;256;2;133;51.95%;133;5;1;127;49;78
Oberried ;363;12;168;46.28%;168;1;0;167;80;87
Ringgenberg ;2021;47;906;44.83%;906;11;0;895;337;558
Saxeten;84;7;39;46.43%;39;1;0;38;19;19
Schattenhalb;429;13;219;51.05%;219;9;3;207;63;144
Schwanden bei Brienz;472;8;254;53.81%;254;5;1;248;89;159
Unterseen;4074;44;2135;52.38%;2134;24;0;2110;695;1415
Wilderswil;1880;38;914;48.62%;914;15;0;899;338;561
;;;;;;;;;;
Total;34008;705;16703;48.84%;16608;224;13;16371;5661;10710
;;;;;;;;;;
Volksinitiative «Familieninitiative: Steuerabzüge auch für Eltern, die ihre Kinder selber betreuen» / Initiative populaire «Initiative pour les familles: déductions fiscales aussi pour les parents qui gardent eux-mêmes leurs enfants»;;;;;;;;;;
Jura bernois;;;;;;;;;;
;;;;;Stimmzettel / Bulletins;;;;;
Abstimmungskreis;Anzahl Stimmber.;AuslandschweizerInnen;Eingelangte Ausweiskarten;Stimmb.;Eingelangte;Ausser Betracht fallende / non valables;;in Betracht fallende;Ja;Nein
Circ. Politique;No. d'?lec.;Suisses de l'?tranger;Nombre de cartes de l?g. rentr?es;Part.;rentr?s ;leer / blancs ;ung?ltig / nuls ;valables;Oui;Non
;;;;;;;;;;
Belprahon;246;2;223;90.65%;223;4;1;218;87;131
Bévilard;1187;17;925;77.51%;920;22;0;898;467;431
Champoz;126;3;113;89.68%;113;0;1;112;66;46
Châtelat;79;6;65;82.28%;65;0;0;65;42;23
Corcelles;170;3;148;85.88%;146;10;2;134;76;58
Corgémont;1111;8;882;78.40%;871;25;1;845;389;456
Cormoret;372;9;286;75.54%;281;5;0;276;123;153
Cortébert;503;2;359;70.38%;354;14;5;335;155;180
Court;1026;12;817;77.68%;797;27;0;770;359;411
Courtelary;875;9;693;78.17%;684;18;6;660;307;353
Crémines;405;8;317;77.53%;314;15;0;299;150;149
Diesse;318;8;226;70.75%;225;2;0;223;95;128
Eschert;256;2;205;79.69%;204;7;0;197;118;79
Grandval;281;3;237;82.56%;232;7;3;222;117;105
La Ferrière;406;10;287;70.20%;285;7;1;277;147;130
La Heutte;363;6;265;73.00%;265;6;0;259;118;141
Lamboing;526;10;373;70.34%;370;14;0;356;177;179
La Neuveville;2575;53;1801;69.36%;1786;34;16;1736;584;1152
Loveresse;240;3;188;77.50%;186;4;0;182;84;98
Malleray;1305;20;1006;75.86%;990;25;2;963;478;485
Monible;30;3;25;83.33%;25;3;0;22;9;13
Mont-Tramelan;110;21;87;79.09%;87;3;1;83;49;34
Moutier;4757;80;3702;76.88%;3657;97;12;3548;1532;2016
Nods;558;12;404;72.22%;403;9;2;392;201;191
Orvin;892;13;676;75.34%;672;23;8;641;273;368
Perrefitte;319;2;276;84.64%;270;9;0;261;141;120
Péry;954;11;676;70.65%;674;16;0;658;312;346
Plagne;295;4;218;71.86%;212;7;1;204;96;108
Pontenet;152;2;130;82.89%;126;4;0;122;45;77
Prêles;666;13;477;71.32%;475;7;2;466;194;272
Rebévelier;35;3;34;97.14%;34;0;0;34;23;11
Reconvilier;1491;6;1147;75.59%;1127;45;0;1082;518;564
Renan ;666;28;479;71.32%;475;14;7;454;219;235
Roches;167;0;135;80.24%;134;1;0;133;69;64
Romont ;154;7;106;67.53%;104;3;0;101;50;51
Saicourt;456;12;340;74.12%;338;4;3;331;191;140
Saint-Imier;2970;45;1930;64.48%;1915;45;18;1852;796;1056
Saules ;122;5;108;86.89%;106;4;0;102;64;38
Schelten;53;24;26;49.06%;26;0;5;21;10;11
Seehof;63;9;41;65.08%;41;1;0;40;37;3
Sonceboz-Sombeval;1206;8;881;69.40%;837;23;0;814;432;382
Sonvilier;851;29;596;70.04%;596;18;16;562;283;279
Sornetan;103;4;88;85.44%;88;4;0;84;42;42
Sorvilier;200;5;164;81.00%;162;9;0;153;76;77
Souboz;89;0;81;91.01%;81;1;0;80;48;32
Tavannes;2251;25;1593;68.90%;1551;47;0;1504;715;789
Tramelan;3045;71;2404;78.26%;2383;52;11;2320;1080;1240
Vauffelin;299;1;193;63.88%;191;14;0;177;79;98
Villeret;637;7;498;77.71%;495;16;0;479;246;233
;;;;;;;;;;
Total;35961;644;26931;73.96%;26596;725;124;25747;11969;13778
;;;;;;;;;;
Volksinitiative «Familieninitiative: Steuerabzüge auch für Eltern, die ihre Kinder selber betreuen» / Initiative populaire «Initiative pour les familles: déductions fiscales aussi pour les parents qui gardent eux-mêmes leurs enfants»;;;;;;;;;;
Biel/Bienne;;;;;;;;;;
;;;;;Stimmzettel / Bulletins;;;;;
Abstimmungskreis;Anzahl Stimmber.;AuslandschweizerInnen;Eingelangte Ausweiskarten;Stimmb.;Eingelangte;Ausser Betracht fallende / non valables;;in Betracht fallende;Ja;Nein
Circ. Politique;No. d'?lec.;Suisses de l'?tranger;Nombre de cartes de l?g. rentr?es;Part.;rentr?s ;leer / blancs ;ung?ltig / nuls ;valables;Oui;Non
;;;;;;;;;;
Aegerten;1303;10;665;50.35%;656;11;0;645;296;349
Bellmund;1160;12;698;60.09%;697;3;0;694;276;418
Biel / Bienne;31742;442;14208;44.64%;14170;245;1;13924;4489;9435
Brügg;2852;23;1309;45.86%;1308;28;0;1280;490;790
Evilard/Leubringen;1757;15;1033;58.79%;1033;12;0;1021;371;650
Ipsach;2949;13;1682;56.90%;1678;26;0;1652;587;1065
Lengnau ;3187;31;1534;48.10%;1533;26;0;1507;669;838
Ligerz;425;7;276;64.71%;275;5;0;270;109;161
Meinisberg;952;14;523;54.94%;523;10;0;513;230;283
Mörigen;689;7;444;64.30%;443;9;0;434;202;232
Nidau;4555;41;2068;45.40%;2068;31;0;2037;696;1341
Orpund;1911;14;904;47.25%;903;9;0;894;430;464
Pieterlen;2446;15;1027;41.99%;1027;8;6;1013;503;510
Port;2538;11;1397;55.04%;1397;17;7;1373;522;851
Safnern;1414;19;818;57.14%;808;5;0;803;373;430
Scheuren;352;4;175;48.30%;170;2;0;168;86;82
Schwadernau;496;5;253;51.01%;253;4;0;249;116;133
Sutz-Lattrigen;1027;5;556;54.14%;556;6;5;545;219;326
Twann-Tüscherz;912;21;527;57.57%;525;8;0;517;174;343
;;;;;;;;;;
Total;62667;709;30097;47.91%;30023;465;19;29539;10838;18701
;;;;;;;;;;
Volksinitiative «Familieninitiative: Steuerabzüge auch für Eltern, die ihre Kinder selber betreuen» / Initiative populaire «Initiative pour les familles: déductions fiscales aussi pour les parents qui gardent eux-mêmes leurs enfants»;;;;;;;;;;
Seeland;;;;;;;;;;
;;;;;Stimmzettel / Bulletins;;;;;
Abstimmungskreis;Anzahl Stimmber.;AuslandschweizerInnen;Eingelangte Ausweiskarten;Stimmb.;Eingelangte;Ausser Betracht fallende / non valables;;in Betracht fallende;Ja;Nein
Circ. Politique;No. d'?lec.;Suisses de l'?tranger;Nombre de cartes de l?g. rentr?es;Part.;rentr?s ;leer / blancs ;ung?ltig / nuls ;valables;Oui;Non
;;;;;;;;;;
Aarberg;3168;20;1683;51.96%;1646;22;0;1624;710;914
Arch;1143;13;628;54.86%;627;7;0;620;329;291
Bangerten;130;8;70;53.85%;70;1;0;69;34;35
Bargen;765;11;390;50.85%;389;3;0;386;172;214
Brüttelen;419;7;228;54.42%;228;3;3;222;116;106
Büetigen;613;10;321;52.04%;319;7;0;312;162;150
Bühl;332;2;170;51.20%;170;2;0;168;87;81
Büren und Meienried;2446;33;1217;49.67%;1215;4;0;1211;536;675
Diessbach bei Büren;667;12;344;51.57%;344;2;5;337;168;169
Dotzigen;1067;9;518;48.36%;516;9;0;507;242;265
Epsach;265;3;124;46.79%;124;3;0;121;60;61
Erlach;972;15;564;57.61%;560;9;0;551;262;289
Finsterhennen;311;2;162;52.09%;162;0;0;162;92;70
Gals;529;8;249;46.88%;248;5;0;243;133;110
Gampelen;597;7;322;53.94%;322;0;0;322;174;148
Grossaffoltern;2263;47;1181;52.14%;1180;15;6;1159;500;659
Hagneck;329;2;176;53.50%;176;2;0;174;87;87
Hermrigen;214;5;114;53.27%;114;1;0;113;48;65
Ins;2234;22;1268;56.67%;1266;18;0;1248;546;702
Jens;535;8;293;54.77%;293;3;0;290;137;153
Kallnach;1478;27;717;48.51%;717;10;0;707;351;356
Kappelen;956;5;523;54.50%;521;9;0;512;288;224
Leuzigen;953;27;519;54.25%;517;9;0;508;254;254
Lüscherz;414;4;172;41.55%;172;0;0;172;85;87
Lyss;9895;72;4717;47.16%;4666;42;0;4624;1953;2671
Merzligen;315;5;193;61.27%;193;1;0;192;77;115
Müntschemier;782;16;445;56.91%;445;3;0;442;249;193
Oberwil bei Büren;628;16;322;50.80%;319;1;0;318;150;168
Radelfingen;989;25;504;50.96%;504;8;0;496;248;248
Rapperswil ;1888;55;909;48.09%;908;9;0;899;457;442
Rüti bei Büren;657;15;346;52.51%;345;3;5;337;157;180
Schüpfen;2809;22;1473;52.44%;1473;15;9;1449;622;827
Seedorf ;2361;52;1250;52.94%;1250;19;7;1224;689;535
Siselen;462;19;224;48.48%;224;2;0;222;124;98
Studen;2112;9;975;45.64%;964;8;0;956;507;449
Täuffelen;2048;24;1116;53.66%;1099;11;0;1088;457;631
Treiten;327;3;169;51.68%;169;0;0;169;101;68
Tschugg;307;7;180;58.63%;180;2;0;178;74;104
Vinelz;640;13;339;52.97%;339;5;4;330;137;193
Walperswil;751;6;403;53.66%;403;9;0;394;214;180
Wengi;429;4;231;53.85%;231;3;0;228;135;93
Worben;1696;7;888;52.36%;888;14;0;874;399;475
;;;;;;;;;;
Total;51896;677;26637;51.06%;26496;299;39;26158;12323;13835
;;;;;;;;;;
Volksinitiative «Familieninitiative: Steuerabzüge auch für Eltern, die ihre Kinder selber betreuen» / Initiative populaire «Initiative pour les familles: déductions fiscales aussi pour les parents qui gardent eux-mêmes leurs enfants»;;;;;;;;;;
Oberaargau;;;;;;;;;;
;;;;;Stimmzettel / Bulletins;;;;;
Abstimmungskreis;Anzahl Stimmber.;AuslandschweizerInnen;Eingelangte Ausweiskarten;Stimmb.;Eingelangte;Ausser Betracht fallende / non valables;;in Betracht fallende;Ja;Nein
Circ. Politique;No. d'?lec.;Suisses de l'?tranger;Nombre de cartes de l?g. rentr?es;Part.;rentr?s ;leer / blancs ;ung?ltig / nuls ;valables;Oui;Non
;;;;;;;;;;
Aarwangen;2998;30;1564;52.17%;1564;11;0;1553;722;831
Attiswil;1055;15;589;53.93%;569;7;0;562;288;274
Auswil;393;28;181;46.06%;181;1;0;180;115;65
Bannwil;527;19;282;53.32%;281;3;0;278;166;112
Berken;40;0;28;70.00%;28;1;0;27;14;13
Bettenhausen;571;15;335;58.67%;335;8;0;327;173;154
Bleienbach;545;11;282;51.74%;282;4;0;278;147;131
Busswil bei Melchnau;160;11;85;53.12%;85;3;0;82;53;29
Eriswil;1106;64;436;39.42%;436;3;0;433;246;187
Farnern;163;4;85;52.15%;85;1;0;84;47;37
Gondiswil;601;33;288;47.75%;287;6;0;281;165;116
Graben;242;9;127;52.48%;127;0;0;127;77;50
Heimenhausen;799;12;388;48.56%;388;2;0;386;172;214
Hermiswil;72;0;46;63.89%;46;0;0;46;27;19
Herzogenbuchsee;4863;37;2261;46.41%;2257;27;0;2230;927;1303
Huttwil;3562;78;1664;46.72%;1664;19;27;1618;839;779
Inkwil;517;7;259;49.90%;258;0;0;258;130;128
Langenthal;10335;139;4858;46.89%;4846;61;0;4785;1897;2888
Lotzwil;1667;15;900;53.93%;899;10;0;889;432;457
Madiswil;2463;51;1253;50.87%;1253;4;14;1235;646;589
Melchnau;1112;35;508;45.41%;505;7;0;498;242;256
Niederbipp;2884;56;1298;44.97%;1297;5;3;1289;641;648
Niederönz;1168;9;677;57.96%;677;7;7;663;309;354
Oberbipp;1177;9;595;50.47%;594;8;0;586;290;296
Obersteckholz;332;9;170;51.20%;170;3;0;167;81;86
Ochlenberg;472;14;251;53.18%;251;2;0;249;146;103
Oeschenbach;202;8;88;43.56%;88;1;0;87;50;37
Reisiswil;157;18;69;43.95%;69;1;0;68;30;38
Roggwil (BE);2714;48;1327;48.89%;1327;15;0;1312;630;682
Rohrbach;1145;90;532;46.29%;530;4;0;526;281;245
Rohrbachgraben;325;11;154;47.38%;154;0;0;154;113;41
Rumisberg;387;5;231;59.69%;231;3;0;228;132;96
Rütschelen;438;12;239;54.57%;239;1;0;238;133;105
Schwarzhäusern;398;20;208;52.26%;208;3;0;205;111;94
Seeberg;1178;72;616;52.21%;615;7;4;604;280;324
Thörigen;850;17;442;50.82%;432;3;0;429;243;186
Thunstetten;2126;38;1008;47.37%;1007;13;1;993;506;487
Ursenbach;718;22;319;44.43%;319;3;0;316;180;136
Walliswil bei Niederbipp;179;6;89;49.72%;89;1;0;88;47;41
Walliswil bei Wangen;486;8;246;50.41%;245;2;0;243;113;130
Walterswil (BE);439;31;186;42.37%;186;1;0;185;135;50
Wangen an der Aare;1560;7;807;51.73%;807;9;0;798;375;423
Wangenried;325;5;176;54.15%;176;1;0;175;76;99
Wiedlisbach;1605;27;728;45.36%;728;9;1;718;362;356
Wolfisberg;154;8;81;52.60%;81;1;0;80;35;45
Wynau;1083;11;568;52.35%;567;5;10;552;238;314
Wyssachen;958;68;426;44.47%;426;8;1;417;258;159
;;;;;;;;;;
Total;57251;1242;27950;48.71%;27889;294;68;27527;13320;14207
;;;;;;;;;;
Volksinitiative «Familieninitiative: Steuerabzüge auch für Eltern, die ihre Kinder selber betreuen» / Initiative populaire «Initiative pour les familles: déductions fiscales aussi pour les parents qui gardent eux-mêmes leurs enfants»;;;;;;;;;;
Emmental;;;;;;;;;;
;;;;;Stimmzettel / Bulletins;;;;;
Abstimmungskreis;Anzahl Stimmber.;AuslandschweizerInnen;Eingelangte Ausweiskarten;Stimmb.;Eingelangte;Ausser Betracht fallende / non valables;;in Betracht fallende;Ja;Nein
Circ. Politique;No. d'?lec.;Suisses de l'?tranger;Nombre de cartes de l?g. rentr?es;Part.;rentr?s ;leer / blancs ;ung?ltig / nuls ;valables;Oui;Non
;;;;;;;;;;
Aefligen;826;1;433;52.30%;432;4;1;427;222;205
Affoltern im Emmental;975;28;434;44.10%;430;6;1;423;266;157
Alchenstorf;454;5;230;50.66%;230;4;0;226;106;120
Bätterkinden;2388;16;1215;50.88%;1215;15;12;1188;510;678
Burgdorf;11407;112;5688;49.62%;5660;65;1;5594;2111;3483
Dürrenroth;842;31;347;41.45%;349;0;0;349;219;130
Eggiwil;2006;111;851;42.42%;851;7;13;831;597;234
Ersigen, Niederösch, Oberösch;1581;37;894;56.42%;892;13;2;877;274;603
Hasle bei Burgdorf;2541;62;1005;39.55%;1005;11;0;994;533;461
Heimiswil;1220;59;566;46.39%;566;11;5;550;304;246
Hindelbank;1709;15;803;46.93%;802;6;1;795;396;399
Höchstetten und Hellsau;355;1;165;46.48%;165;3;0;162;84;78
Kernenried;338;9;167;49.11%;166;2;1;163;90;73
Kirchberg ;4159;20;2219;53.35%;2219;24;0;2195;944;1251
Koppigen;1567;8;797;50.86%;797;3;0;794;358;436
Krauchthal;1822;25;947;51.92%;946;8;7;931;461;470
Langnau ;7205;321;3284;45.48%;3277;44;27;3206;1443;1763
Lauperswil;2173;102;906;41.46%;901;10;0;891;515;376
Lützelflüh;3188;110;1451;45.45%;1449;17;0;1432;770;662
Lyssach;1089;10;593;54.36%;592;6;5;581;272;309
Mötschwil und Rüti b.L.;243;10;123;50.62%;123;1;1;121;65;56
Oberburg;2049;14;943;45.68%;936;12;0;924;485;439
Röthenbach im Emmental;1015;54;415;40.89%;415;6;0;409;316;93
Rüderswil;1907;95;889;45.78%;873;20;2;851;477;374
Rüdtligen-Alchenflüh;1540;5;617;40.06%;617;10;0;607;291;316
Rüegsau;2519;67;1270;50.38%;1269;12;13;1244;705;539
Rumendingen;72;1;41;56.94%;41;1;0;40;18;22
Schangnau;761;75;342;44.94%;342;3;2;337;254;83
Signau;2180;68;965;44.17%;963;17;6;940;564;376
Sumiswald;4085;222;1748;42.77%;1747;13;0;1734;933;801
Trachselwald;789;39;351;44.49%;351;4;0;347;204;143
Trub;1252;208;441;35.22%;441;4;0;437;281;156
Trubschachen;1086;34;486;44.66%;485;2;3;480;247;233
Utzenstorf;3126;44;1620;51.82%;1620;6;0;1614;749;865
Wiler bei Utzenstorf;654;7;324;49.54%;324;7;0;317;143;174
Willadingen;174;2;113;64.94%;113;2;1;110;62;48
Wynigen;1625;52;811;49.85%;810;10;0;800;463;337
Zielebach;271;2;142;51.66%;140;3;0;137;81;56
;;;;;;;;;;
Total;73193;2082;34636;47.21%;34554;392;104;34058;16813;17245
;;;;;;;;;;
Volksinitiative «Familieninitiative: Steuerabzüge auch für Eltern, die ihre Kinder selber betreuen» / Initiative populaire «Initiative pour les familles: déductions fiscales aussi pour les parents qui gardent eux-mêmes leurs enfants»;;;;;;;;;;
Bern-Mittelland;;;;;;;;;;
;;;;;Stimmzettel / Bulletins;;;;;
Abstimmungskreis;Anzahl Stimmber.;AuslandschweizerInnen;Eingelangte Ausweiskarten;Stimmb.;Eingelangte;Ausser Betracht fallende / non valables;;in Betracht fallende;Ja;Nein
Circ. Politique;No. d'?lec.;Suisses de l'?tranger;Nombre de cartes de l?g. rentr?es;Part.;rentr?s ;leer / blancs ;ung?ltig / nuls ;valables;Oui;Non
;;;;;;;;;;
Allmendingen;414;1;248;59.90%;248;1;2;245;116;129
Arni ;779;35;341;43.65%;340;4;0;336;195;141
Bäriswil;814;11;461;56.63%;461;2;0;459;221;238
Belp;8277;63;4519;53.50%;4428;66;0;4362;1962;2400
Bern;86225;2313;45850;53.04%;45736;588;26;45122;10785;34337
Biglen;1344;30;627;46.65%;627;4;0;623;312;311
Bleiken bei Oberdiessbach;306;18;164;53.59%;164;1;0;163;118;45
Bolligen;4732;103;3211;67.60%;3199;27;15;3157;1135;2022
Bowil;1101;23;460;41.78%;460;5;0;455;253;202
Bremgarten ;3216;37;2059;63.84%;2053;23;0;2030;675;1355
Brenzikofen;417;2;220;52.76%;220;0;0;220;134;86
Büren zum Hof;341;5;230;67.45%;230;1;0;229;118;111
Diemerswil;140;4;81;57.86%;81;1;0;80;45;35
Etzelkofen;259;3;148;57.14%;148;2;0;146;67;79
Ferenbalm;970;14;562;57.53%;558;8;0;550;309;241
Fraubrunnen;1375;11;850;61.53%;846;10;0;836;324;512
Frauenkappelen;957;7;538;56.22%;538;3;0;535;234;301
Freimettigen;346;4;193;55.49%;192;0;0;192;111;81
Gelterfingen;217;6;105;48.39%;105;0;0;105;54;51
Gerzensee;902;11;486;53.88%;486;3;4;479;262;217
Golaten;243;6;128;52.67%;128;1;1;126;76;50
Grafenried;765;19;464;60.65%;464;4;0;460;216;244
Grosshöchstetten;2572;50;1360;52.88%;1360;23;0;1337;608;729
Guggisberg;1323;107;528;39.46%;522;8;0;514;338;176
Gurbrü;196;12;107;54.59%;107;3;0;104;61;43
Häutligen;205;7;112;54.63%;112;0;0;112;75;37
Herbligen;446;16;211;47.31%;211;3;0;208;130;78
Iffwil;330;9;171;51.82%;171;1;0;170;88;82
Ittigen;7547;85;3898;51.60%;3894;51;1;3842;1404;2438
Jegenstorf;3598;27;2134;59.09%;2126;24;0;2102;875;1227
Kaufdorf;752;7;463;61.57%;463;2;0;461;195;266
Kehrsatz;2750;25;1608;58.47%;1608;17;0;1591;622;969
Kiesen;669;7;387;57.85%;387;3;0;384;192;192
Kirchdorf, Jaberg, Noflen;1122;31;638;56.86%;638;7;0;631;342;289
Kirchenthurnen;224;3;115;51.34%;115;0;0;115;62;53
Kirchlindach;2276;21;1484;62.96%;1433;26;1;1406;492;914
Köniz;27946;353;15471;54.93%;15351;215;4;15132;5266;9866
Konolfingen;3776;56;2044;52.54%;1984;14;12;1958;958;1000
Kriechenwil;345;10;194;56.23%;194;4;0;190;98;92
Landiswil;531;35;221;41.62%;221;2;0;219;149;70
Laupen;2106;13;1055;50.09%;1055;21;0;1034;416;618
Limpach;272;9;141;51.47%;140;4;0;136;68;68
Linden;1055;53;487;46.16%;487;12;0;475;330;145
Lohnstorf;163;2;92;56.44%;92;2;0;90;48;42
Mattstetten;479;13;298;61.38%;294;5;3;286;141;145
Meikirch;1956;30;1176;60.12%;1176;20;23;1133;490;643
Mirchel;458;13;210;44.98%;206;2;0;204;123;81
Moosseedorf;2564;28;1295;50.39%;1292;11;0;1281;514;767
Mühleberg;2154;38;1189;55.20%;1189;12;0;1177;525;652
Mühledorf ;179;5;109;60.89%;109;1;1;107;52;55
Mühlethurnen;1089;12;690;63.36%;690;8;0;682;282;400
Mülchi;182;1;107;58.79%;107;0;0;107;76;31
Münchenbuchsee;6957;55;3749;53.66%;3733;41;0;3692;1540;2152
Münchenwiler und Clavaleyres;375;4;187;49.87%;187;6;0;181;90;91
Münchringen;478;9;335;69.25%;331;6;0;325;146;179
Münsingen;8644;60;4841;55.52%;4799;69;0;4730;1871;2859
Muri bei Bern;9529;161;6089;62.92%;5996;42;23;5931;1819;4112
Neuenegg;3655;31;1977;54.06%;1976;19;0;1957;942;1015
Niederhünigen;479;8;254;53.03%;254;2;0;252;134;118
Oberbalm;703;32;360;51.07%;359;3;7;349;216;133
Oberdiessbach;2348;46;1197;50.98%;1197;16;3;1178;615;563
Oberhünigen;225;0;117;52.00%;117;1;4;112;73;39
Oberthal;628;22;283;45.06%;283;2;0;281;129;152
Oppligen;504;12;254;50.40%;254;4;0;250;143;107
Ostermundigen;10174;59;4784;46.90%;4772;69;0;4703;1789;2914
Riggisberg;1910;31;901;47.12%;900;13;10;877;505;372
Rubigen;2208;18;1297;58.56%;1293;16;0;1277;540;737
Rüeggisberg;1501;52;682;45.37%;681;6;0;675;403;272
Rümligen;356;1;208;58.43%;208;3;3;202;113;89
Rüschegg;1404;106;584;41.60%;584;6;0;578;324;254
Schalunen;282;1;162;57.09%;161;1;0;160;89;71
Scheunen;57;0;33;57.89%;33;0;0;33;25;8
Schlosswil;514;19;260;50.39%;259;3;0;256;125;131
Schwarzenburg;5451;148;2729;49.97%;2724;34;0;2690;1438;1252
Stettlen;2159;23;1216;56.28%;1215;10;0;1205;479;726
Tägertschi;302;3;164;54.30%;164;4;0;160;104;56
Toffen;1917;17;1086;56.29%;1079;7;23;1049;493;556
Urtenen-Schönbühl;4245;23;2005;47.18%;2003;24;0;1979;838;1141
Vechigen;3814;66;2251;58.89%;2246;14;6;2226;959;1267
Wald und Niedermuhlern;1350;57;677;50.07%;676;11;0;665;353;312
Walkringen;1443;57;770;52.60%;759;9;0;750;412;338
Wichtrach;3094;22;1572;50.78%;1571;12;9;1550;741;809
Wiggiswil und Deisswil b.M.;147;9;80;54.42%;80;0;0;80;44;36
Wileroltigen;279;10;116;41.58%;116;1;0;115;61;54
Wohlen;6898;131;4532;64.96%;4481;42;2;4437;1517;2920
Worb;8244;97;4649;55.79%;4599;62;2;4535;1895;2640
Zauggenried;266;21;153;56.39%;150;1;0;149;69;80
Zäziwil;1246;34;599;48.07%;599;10;0;589;337;252
Zollikofen;6896;63;3931;56.86%;3921;54;0;3867;1433;2434
Zuzwil;453;11;278;61.15%;277;3;0;274;118;156
;;;;;;;;;;
Total;284540;5323;155302;54.29%;154483;1881;185;152417;55664;96753
;;;;;;;;;;
Volksinitiative «Familieninitiative: Steuerabzüge auch für Eltern, die ihre Kinder selber betreuen» / Initiative populaire «Initiative pour les familles: déductions fiscales aussi pour les parents qui gardent eux-mêmes leurs enfants»;;;;;;;;;;
Thun;;;;;;;;;;
;;;;;Stimmzettel / Bulletins;;;;;
Abstimmungskreis;Anzahl Stimmber.;AuslandschweizerInnen;Eingelangte Ausweiskarten;Stimmb.;Eingelangte;Ausser Betracht fallende / non valables;;in Betracht fallende;Ja;Nein
Circ. Politique;No. d'?lec.;Suisses de l'?tranger;Nombre de cartes de l?g. rentr?es;Part.;rentr?s ;leer / blancs ;ung?ltig / nuls ;valables;Oui;Non
;;;;;;;;;;
Amsoldingen;629;18;427;66.77%;420;2;0;418;223;195
Blumenstein;961;22;487;50.68%;487;7;0;480;282;198
Buchholterberg;1250;54;648;51.84%;648;7;0;641;446;195
Burgistein;836;20;432;51.67%;432;6;0;426;241;185
Eriz;429;41;198;46.15%;198;6;0;192;146;46
Fahrni;631;11;321;50.87%;321;4;0;317;195;122
Forst-Längenbühl;591;12;345;58.38%;345;4;0;341;227;114
Gurzelen;607;6;322;52.72%;320;4;0;316;183;133
Heiligenschwendi;516;17;290;56.20%;290;2;0;288;168;120
Heimberg;4945;19;2456;49.61%;2453;30;0;2423;1232;1191
Hilterfingen;3155;22;1752;55.53%;1752;18;0;1734;643;1091
Höfen;341;17;187;54.84%;187;0;0;187;119;68
Homberg;384;14;193;50.26%;193;1;1;191;134;57
Horrenbach-Buchen;199;0;103;51.76%;103;2;0;101;81;20
Niederstocken;208;1;103;49.52%;103;2;0;101;68;33
Oberhofen ;1867;37;1164;62.29%;1163;12;12;1139;499;640
Oberlangenegg;387;20;200;51.42%;199;3;2;194;143;51
Oberstocken;219;4;113;51.60%;113;0;0;113;64;49
Pohlern;201;3;100;49.75%;100;2;0;98;64;34
Reutigen;767;5;421;54.89%;421;5;0;416;233;183
Schwendibach;200;6;112;56.00%;112;0;0;112;71;41
Seftigen;1703;12;892;52.38%;892;12;0;880;448;432
Sigriswil;3762;137;2148;55.85%;2101;21;0;2080;1142;938
Steffisburg;11795;94;6303;53.40%;6299;71;1;6227;2928;3299
Teuffenthal;140;14;70;50.00%;70;0;0;70;50;20
Thierachern;1837;8;992;53.84%;989;6;0;983;532;451
Thun;32295;320;15757;48.62%;15702;177;0;15525;6625;8900
Uebeschi;504;3;277;54.96%;277;6;0;271;185;86
Uetendorf;4650;31;2526;54.09%;2515;21;35;2459;1317;1142
Unterlangenegg;747;8;357;47.79%;357;5;0;352;237;115
Uttigen und Kienersrüti;1423;16;876;60.86%;866;8;0;858;495;363
Wachseldorn;188;1;100;53.19%;100;0;0;100;79;21
Wattenwil;2181;64;1189;54.52%;1189;16;0;1173;689;484
Zwieselberg;207;2;118;57.00%;118;3;0;115;73;42
;;;;;;;;;;
Total;80755;1059;41979;51.80%;41835;463;51;41321;20262;21059
;;;;;;;;;;
Volksinitiative «Familieninitiative: Steuerabzüge auch für Eltern, die ihre Kinder selber betreuen» / Initiative populaire «Initiative pour les familles: déductions fiscales aussi pour les parents qui gardent eux-mêmes leurs enfants»;;;;;;;;;;
Obersimmental-Saanen;;;;;;;;;;
;;;;;Stimmzettel / Bulletins;;;;;
Abstimmungskreis;Anzahl Stimmber.;AuslandschweizerInnen;Eingelangte Ausweiskarten;Stimmb.;Eingelangte;Ausser Betracht fallende / non valables;;in Betracht fallende;Ja;Nein
Circ. Politique;No. d'?lec.;Suisses de l'?tranger;Nombre de cartes de l?g. rentr?es;Part.;rentr?s ;leer / blancs ;ung?ltig / nuls ;valables;Oui;Non
;;;;;;;;;;
Boltigen;1108;36;510;45.94%;509;1;1;507;338;169
Gsteig;724;12;344;47.51%;344;4;1;339;187;152
Lauenen;619;38;305;49.27%;305;5;0;300;179;121
Lenk;1827;101;931;50.96%;931;15;13;903;511;392
Saanen;4323;139;2365;54.71%;2365;1;31;2333;1314;1019
St.Stephan;1042;44;628;60.27%;628;5;0;623;467;156
Zweisimmen;2304;53;1217;52.82%;1217;20;0;1197;692;505
;;;;;;;;;;
Total;11947;423;6300;52.72%;6299;51;46;6202;3688;2514
;;;;;;;;;;
Volksinitiative «Familieninitiative: Steuerabzüge auch für Eltern, die ihre Kinder selber betreuen» / Initiative populaire «Initiative pour les familles: déductions fiscales aussi pour les parents qui gardent eux-mêmes leurs enfants»;;;;;;;;;;
Frutigen-Niedersimmental;;;;;;;;;;
;;;;;Stimmzettel / Bulletins;;;;;
Abstimmungskreis;Anzahl Stimmber.;AuslandschweizerInnen;Eingelangte Ausweiskarten;Stimmb.;Eingelangte;Ausser Betracht fallende / non valables;;in Betracht fallende;Ja;Nein
Circ. Politique;No. d'?lec.;Suisses de l'?tranger;Nombre de cartes de l?g. rentr?es;Part.;rentr?s ;leer / blancs ;ung?ltig / nuls ;valables;Oui;Non
;;;;;;;;;;
Adelboden;2699;111;1768;64.91%;1752;19;0;1733;1148;585
Aeschi ;1698;37;894;52.59%;893;10;0;883;523;360
Därstetten;654;3;310;47.40%;310;5;0;305;206;99
Diemtigen;1694;54;873;51.42%;871;12;0;859;578;281
Erlenbach;1320;6;672;50.91%;672;10;0;662;389;273
Frutigen;5159;128;2932;56.52%;2916;33;33;2850;1862;988
Kandergrund;630;23;319;50.63%;319;4;0;315;205;110
Kandersteg;892;17;498;55.83%;498;5;0;493;231;262
Krattigen;857;14;466;54.38%;466;6;1;459;234;225
Oberwil ;700;38;370;52.43%;367;0;0;367;271;96
Reichenbach ;2749;58;1383;50.05%;1376;18;0;1358;824;534
Spiez;9692;101;5293;54.52%;5284;61;0;5223;2325;2898
Wimmis;1865;24;974;52.17%;973;8;0;965;593;372
;;;;;;;;;;
Total;30609;614;16752;54.55%;16697;191;34;16472;9389;7083
;;;;;;;;;;
Volksinitiative «Familieninitiative: Steuerabzüge auch für Eltern, die ihre Kinder selber betreuen» / Initiative populaire «Initiative pour les familles: déductions fiscales aussi pour les parents qui gardent eux-mêmes leurs enfants»;;;;;;;;;;
Interlaken-Oberhasli;;;;;;;;;;
;;;;;Stimmzettel / Bulletins;;;;;
Abstimmungskreis;Anzahl Stimmber.;AuslandschweizerInnen;Eingelangte Ausweiskarten;Stimmb.;Eingelangte;Ausser Betracht fallende / non valables;;in Betracht fallende;Ja;Nein
Circ. Politique;No. d'?lec.;Suisses de l'?tranger;Nombre de cartes de l?g. rentr?es;Part.;rentr?s ;leer / blancs ;ung?ltig / nuls ;valables;Oui;Non
;;;;;;;;;;
Beatenberg;872;36;464;53.10%;463;5;3;455;275;180
Bönigen;1929;25;932;48.32%;932;12;0;920;455;465
Brienz;2301;60;1131;48.98%;1127;7;0;1120;599;521
Brienzwiler;393;13;181;46.06%;181;1;0;180;111;69
Därligen;309;11;142;45.95%;142;1;0;141;69;72
Gadmen;205;17;76;37.07%;76;1;0;75;39;36
Grindelwald;2664;90;1205;44.63%;1189;19;0;1170;685;485
Gsteigwiler;336;12;159;47.32%;159;6;0;153;80;73
Gündlischwand;230;3;120;52.17%;120;0;0;120;74;46
Guttannen;232;8;103;44.40%;103;3;0;100;61;39
Habkern;478;12;232;48.54%;232;2;0;230;154;76
Hasliberg;869;40;393;44.99%;391;3;0;388;190;198
Hofstetten ;422;0;221;52.37%;221;3;2;216;103;113
Innertkirchen;645;20;303;46.98%;303;2;0;301;188;113
Interlaken;3602;47;1795;49.83%;1795;17;3;1775;740;1035
Iseltwald;320;10;146;45.62%;146;1;0;145;92;53
Lauterbrunnen;1663;63;792;47.62%;792;8;3;781;389;392
Leissigen;744;8;387;52.02%;387;8;0;379;182;197
Lütschental;200;9;83;41.50%;83;1;0;82;56;26
Matten ;2715;22;1414;49.83%;1353;15;0;1338;619;719
Meiringen;3300;28;1656;49.88%;1646;24;0;1622;795;827
Niederried ;256;2;133;51.95%;133;5;1;127;63;64
Oberried ;363;12;168;46.28%;168;2;1;165;96;69
Ringgenberg ;2021;47;906;44.83%;906;11;0;895;461;434
Saxeten;84;7;39;46.43%;39;1;0;38;24;14
Schattenhalb;429;13;219;51.05%;219;5;3;211;107;104
Schwanden bei Brienz;472;8;254;53.81%;254;2;1;251;121;130
Unterseen;4074;44;2135;52.38%;2134;25;0;2109;932;1177
Wilderswil;1880;38;914;48.62%;914;25;0;889;477;412
;;;;;;;;;;
Total;34008;705;16703;48.84%;16608;215;17;16376;8237;8139
;;;;;;;;;;
Änderung des Nationalstrassenabgabegesetzes (Autobahnvignette) / Modification de la loi sur la vignette autoroutière;;;;;;;;;;
Jura bernois;;;;;;;;;;
;;;;;Stimmzettel / Bulletins;;;;;
Abstimmungskreis;Anzahl Stimmber.;AuslandschweizerInnen;Eingelangte Ausweiskarten;Stimmb.;Eingelangte;Ausser Betracht fallende / non valables;;in Betracht fallende;Ja;Nein
Circ. Politique;No. d'?lec.;Suisses de l'?tranger;Nombre de cartes de l?g. rentr?es;Part.;rentr?s ;leer / blancs ;ung?ltig / nuls ;valables;Oui;Non
;;;;;;;;;;
Belprahon;246;2;223;90.65%;223;1;1;221;64;157
Bévilard;1187;17;925;77.51%;920;6;0;914;195;719
Champoz;126;3;113;89.68%;113;1;0;112;31;81
Châtelat;79;6;65;82.28%;65;0;0;65;20;45
Corcelles;170;3;148;85.88%;146;4;1;141;37;104
Corgémont;1111;8;882;78.40%;871;7;1;863;217;646
Cormoret;372;9;286;75.54%;281;6;0;275;91;184
Cortébert;503;2;359;70.38%;354;4;5;345;75;270
Court;1026;12;817;77.68%;797;8;0;789;170;619
Courtelary;875;9;693;78.17%;684;8;6;670;183;487
Crémines;405;8;317;77.53%;314;6;0;308;77;231
Diesse;318;8;226;70.75%;225;1;0;224;65;159
Eschert;256;2;205;79.69%;204;2;0;202;48;154
Grandval;281;3;237;82.56%;232;7;3;222;65;157
La Ferrière;406;10;287;70.20%;285;4;4;277;109;168
La Heutte;363;6;265;73.00%;265;4;0;261;64;197
Lamboing;526;10;373;70.34%;370;7;0;363;78;285
La Neuveville;2575;53;1801;69.36%;1786;21;15;1750;572;1178
Loveresse;240;3;188;77.50%;186;1;0;185;39;146
Malleray;1305;20;1006;75.86%;990;10;1;979;239;740
Monible;30;3;25;83.33%;25;0;0;25;12;13
Mont-Tramelan;110;21;87;79.09%;87;1;1;85;33;52
Moutier;4757;80;3702;76.88%;3657;72;4;3581;994;2587
Nods;558;12;404;72.22%;403;7;4;392;102;290
Orvin;892;13;676;75.34%;672;9;8;655;141;514
Perrefitte;319;2;276;84.64%;270;4;0;266;58;208
Péry;954;11;676;70.65%;674;13;0;661;160;501
Plagne;295;4;218;72.20%;213;1;1;211;58;153
Pontenet;152;2;130;82.89%;126;2;0;124;28;96
Prêles;666;13;477;71.32%;475;5;2;468;137;331
Rebévelier;35;3;34;97.14%;34;0;0;34;11;23
Reconvilier;1491;6;1147;75.59%;1127;17;0;1110;250;860
Renan ;666;28;479;71.32%;475;6;1;468;169;299
Roches;167;0;135;80.24%;134;1;0;133;36;97
Romont ;154;7;106;67.53%;104;3;0;101;22;79
Saicourt;456;12;340;74.12%;338;5;2;331;71;260
Saint-Imier;2970;45;1930;64.48%;1915;22;4;1889;574;1315
Saules ;122;5;108;86.89%;106;2;0;104;21;83
Schelten;53;24;26;49.06%;26;0;5;21;7;14
Seehof;63;9;41;65.08%;41;0;0;41;6;35
Sonceboz-Sombeval;1206;8;881;69.40%;837;13;0;824;205;619
Sonvilier;851;29;596;70.04%;596;11;16;569;156;413
Sornetan;103;4;88;85.44%;88;2;0;86;27;59
Sorvilier;200;5;164;81.00%;162;2;0;160;36;124
Souboz;89;0;81;91.01%;81;0;0;81;17;64
Tavannes;2251;25;1593;68.90%;1551;20;0;1531;386;1145
Tramelan;3045;71;2404;78.26%;2383;30;4;2349;616;1733
Vauffelin;299;1;193;63.88%;191;4;0;187;57;130
Villeret;637;7;498;77.71%;495;3;1;491;110;381
;;;;;;;;;;
Total;35961;644;26931;73.96%;26597;363;90;26144;6939;19205
;;;;;;;;;;
Änderung des Nationalstrassenabgabegesetzes (Autobahnvignette) / Modification de la loi sur la vignette autoroutière;;;;;;;;;;
Biel/Bienne;;;;;;;;;;
;;;;;Stimmzettel / Bulletins;;;;;
Abstimmungskreis;Anzahl Stimmber.;AuslandschweizerInnen;Eingelangte Ausweiskarten;Stimmb.;Eingelangte;Ausser Betracht fallende / non valables;;in Betracht fallende;Ja;Nein
Circ. Politique;No. d'?lec.;Suisses de l'?tranger;Nombre de cartes de l?g. rentr?es;Part.;rentr?s ;leer / blancs ;ung?ltig / nuls ;valables;Oui;Non
;;;;;;;;;;
Aegerten;1303;10;665;50.35%;656;4;0;652;226;426
Bellmund;1160;12;698;60.09%;697;7;0;690;287;403
Biel / Bienne;31742;442;14208;44.64%;14170;277;1;13892;5965;7927
Brügg;2852;23;1309;45.86%;1308;12;0;1296;463;833
Evilard/Leubringen;1757;15;1033;58.79%;1033;7;0;1026;472;554
Ipsach;2949;13;1682;56.90%;1678;13;0;1665;656;1009
Lengnau ;3187;31;1534;48.10%;1533;12;0;1521;455;1066
Ligerz;425;7;276;64.71%;275;3;0;272;129;143
Meinisberg;952;14;523;54.94%;523;5;0;518;161;357
Mörigen;689;7;444;64.30%;443;1;0;442;149;293
Nidau;4555;41;2068;45.40%;2068;36;0;2032;858;1174
Orpund;1911;14;904;47.25%;903;5;0;898;277;621
Pieterlen;2446;15;1027;41.99%;1027;3;3;1021;328;693
Port;2538;11;1397;55.04%;1397;8;4;1385;482;903
Safnern;1414;19;818;57.14%;808;5;0;803;232;571
Scheuren;352;4;175;48.30%;170;1;0;169;45;124
Schwadernau;496;5;253;51.01%;253;1;0;252;70;182
Sutz-Lattrigen;1027;5;556;54.14%;556;4;5;547;231;316
Twann-Tüscherz;912;21;527;57.57%;525;5;0;520;212;308
;;;;;;;;;;
Total;62667;709;30097;47.91%;30023;409;13;29601;11698;17903
;;;;;;;;;;
Änderung des Nationalstrassenabgabegesetzes (Autobahnvignette) / Modification de la loi sur la vignette autoroutière;;;;;;;;;;
Seeland;;;;;;;;;;
;;;;;Stimmzettel / Bulletins;;;;;
Abstimmungskreis;Anzahl Stimmber.;AuslandschweizerInnen;Eingelangte Ausweiskarten;Stimmb.;Eingelangte;Ausser Betracht fallende / non valables;;in Betracht fallende;Ja;Nein
Circ. Politique;No. d'?lec.;Suisses de l'?tranger;Nombre de cartes de l?g. rentr?es;Part.;rentr?s ;leer / blancs ;ung?ltig / nuls ;valables;Oui;Non
;;;;;;;;;;
Aarberg;3168;20;1683;53.06%;1681;16;0;1665;604;1061
Arch;1143;13;628;54.86%;627;0;0;627;182;445
Bangerten;130;8;70;53.85%;70;0;0;70;21;49
Bargen;765;11;390;50.85%;389;3;0;386;167;219
Brüttelen;419;7;228;54.42%;228;0;3;225;67;158
Büetigen;613;10;321;52.04%;319;1;0;318;91;227
Bühl;332;2;170;51.20%;170;0;0;170;46;124
Büren und Meienried;2446;33;1217;49.67%;1215;13;0;1202;438;764
Diessbach bei Büren;667;12;344;51.57%;344;5;4;335;108;227
Dotzigen;1067;9;518;48.36%;516;8;0;508;142;366
Epsach;265;3;124;46.79%;124;0;0;124;36;88
Erlach;972;15;564;57.61%;560;12;0;548;216;332
Finsterhennen;311;2;162;52.09%;162;0;0;162;46;116
Gals;529;8;249;46.88%;248;1;0;247;84;163
Gampelen;597;7;322;53.94%;322;0;3;319;97;222
Grossaffoltern;2263;47;1181;52.14%;1180;14;6;1160;461;699
Hagneck;329;2;176;53.50%;176;0;0;176;51;125
Hermrigen;214;5;114;53.27%;114;1;0;113;31;82
Ins;2234;22;1268;56.67%;1266;16;1;1249;550;699
Jens;535;8;293;54.77%;293;4;0;289;108;181
Kallnach;1478;27;717;48.51%;717;7;0;710;218;492
Kappelen;956;5;523;54.50%;521;2;0;519;134;385
Leuzigen;953;27;519;54.25%;517;3;0;514;152;362
Lüscherz;414;4;172;41.55%;172;2;0;170;68;102
Lyss;9895;72;4717;47.16%;4666;30;0;4636;1787;2849
Merzligen;315;5;193;61.27%;193;0;0;193;74;119
Müntschemier;782;16;445;56.91%;445;5;0;440;158;282
Oberwil bei Büren;628;16;322;50.80%;319;3;0;316;109;207
Radelfingen;989;25;504;50.96%;504;5;0;499;143;356
Rapperswil ;1888;55;909;48.09%;908;6;0;902;325;577
Rüti bei Büren;657;15;346;52.51%;345;3;5;337;103;234
Schüpfen;2809;22;1473;52.44%;1473;22;9;1442;577;865
Seedorf ;2361;52;1250;52.94%;1250;13;2;1235;428;807
Siselen;462;19;224;48.48%;224;1;0;223;88;135
Studen;2112;9;975;45.64%;964;8;1;955;286;669
Täuffelen;2048;24;1116;53.66%;1099;5;0;1094;413;681
Treiten;327;3;169;51.68%;169;1;0;168;51;117
Tschugg;307;7;180;58.63%;180;0;0;180;59;121
Vinelz;640;13;339;52.97%;339;3;4;332;141;191
Walperswil;751;6;403;53.66%;403;1;0;402;118;284
Wengi;429;4;231;53.85%;231;2;0;229;77;152
Worben;1696;7;888;52.36%;888;5;0;883;300;583
;;;;;;;;;;
Total;51896;677;26637;51.12%;26531;221;38;26272;9355;16917
;;;;;;;;;;
Änderung des Nationalstrassenabgabegesetzes (Autobahnvignette) / Modification de la loi sur la vignette autoroutière;;;;;;;;;;
Oberaargau;;;;;;;;;;
;;;;;Stimmzettel / Bulletins;;;;;
Abstimmungskreis;Anzahl Stimmber.;AuslandschweizerInnen;Eingelangte Ausweiskarten;Stimmb.;Eingelangte;Ausser Betracht fallende / non valables;;in Betracht fallende;Ja;Nein
Circ. Politique;No. d'?lec.;Suisses de l'?tranger;Nombre de cartes de l?g. rentr?es;Part.;rentr?s ;leer / blancs ;ung?ltig / nuls ;valables;Oui;Non
;;;;;;;;;;
Aarwangen;2998;30;1564;52.17%;1564;9;0;1555;556;999
Attiswil;1055;15;589;53.93%;569;6;0;563;145;418
Auswil;393;28;181;46.06%;181;1;0;180;57;123
Bannwil;527;19;282;53.32%;281;3;0;278;76;202
Berken;40;0;28;70.00%;28;0;0;28;10;18
Bettenhausen;571;15;335;58.67%;335;5;0;330;104;226
Bleienbach;545;11;282;51.74%;282;1;0;281;81;200
Busswil bei Melchnau;160;11;85;53.12%;85;0;0;85;23;62
Eriswil;1106;64;436;39.42%;436;4;0;432;167;265
Farnern;163;4;85;52.15%;85;0;0;85;23;62
Gondiswil;601;33;288;47.75%;287;4;0;283;95;188
Graben;242;9;127;52.48%;127;2;0;125;41;84
Heimenhausen;799;12;388;48.56%;388;1;0;387;134;253
Hermiswil;72;0;46;63.89%;46;1;0;45;20;25
Herzogenbuchsee;4863;37;2261;46.41%;2257;26;0;2231;924;1307
Huttwil;3562;78;1664;46.72%;1664;16;27;1621;599;1022
Inkwil;517;7;259;49.90%;258;2;0;256;77;179
Langenthal;10335;139;4858;46.89%;4846;52;0;4794;2126;2668
Lotzwil;1667;15;900;53.93%;899;9;0;890;310;580
Madiswil;2463;51;1253;50.87%;1253;16;14;1223;431;792
Melchnau;1112;35;508;45.41%;505;4;0;501;201;300
Niederbipp;2884;56;1298;44.97%;1297;4;2;1291;361;930
Niederönz;1168;9;677;57.96%;677;3;7;667;219;448
Oberbipp;1177;9;595;50.47%;594;5;0;589;182;407
Obersteckholz;332;9;170;51.20%;170;2;0;168;64;104
Ochlenberg;472;14;251;53.18%;251;1;0;250;94;156
Oeschenbach;202;8;88;43.56%;88;0;0;88;26;62
Reisiswil;157;18;69;43.95%;69;0;0;69;20;49
Roggwil (BE);2714;48;1327;48.89%;1327;14;0;1313;420;893
Rohrbach;1145;90;532;46.29%;530;6;0;524;166;358
Rohrbachgraben;325;11;154;47.38%;154;2;0;152;59;93
Rumisberg;387;5;231;59.69%;231;0;0;231;67;164
Rütschelen;438;12;239;54.57%;239;0;0;239;90;149
Schwarzhäusern;398;20;208;52.26%;208;2;0;206;76;130
Seeberg;1178;72;616;52.21%;615;7;4;604;220;384
Thörigen;850;17;442;50.82%;432;2;0;430;133;297
Thunstetten;2126;38;1008;47.37%;1007;5;1;1001;312;689
Ursenbach;718;22;319;44.43%;319;0;0;319;102;217
Walliswil bei Niederbipp;179;6;89;49.72%;89;1;0;88;25;63
Walliswil bei Wangen;486;8;246;50.41%;245;5;0;240;67;173
Walterswil (BE);439;31;186;42.37%;186;1;0;185;66;119
Wangen an der Aare;1560;7;807;51.73%;807;5;0;802;259;543
Wangenried;325;5;176;54.15%;176;0;0;176;64;112
Wiedlisbach;1605;27;728;45.36%;728;5;0;723;234;489
Wolfisberg;154;8;81;52.60%;81;0;0;81;35;46
Wynau;1083;11;568;52.35%;567;5;10;552;173;379
Wyssachen;958;68;426;44.47%;426;4;1;421;131;290
;;;;;;;;;;
Total;57251;1242;27950;48.71%;27889;241;66;27582;9865;17717
;;;;;;;;;;
Änderung des Nationalstrassenabgabegesetzes (Autobahnvignette) / Modification de la loi sur la vignette autoroutière;;;;;;;;;;
Emmental;;;;;;;;;;
;;;;;Stimmzettel / Bulletins;;;;;
Abstimmungskreis;Anzahl Stimmber.;AuslandschweizerInnen;Eingelangte Ausweiskarten;Stimmb.;Eingelangte;Ausser Betracht fallende / non valables;;in Betracht fallende;Ja;Nein
Circ. Politique;No. d'?lec.;Suisses de l'?tranger;Nombre de cartes de l?g. rentr?es;Part.;rentr?s ;leer / blancs ;ung?ltig / nuls ;valables;Oui;Non
;;;;;;;;;;
Aefligen;826;1;433;52.30%;432;3;1;428;113;315
Affoltern im Emmental;975;28;434;44.10%;430;5;1;424;152;272
Alchenstorf;454;5;230;50.66%;230;1;0;229;89;140
Bätterkinden;2388;16;1215;50.88%;1215;18;12;1185;472;713
Burgdorf;11407;112;5688;49.62%;5660;83;2;5575;2592;2983
Dürrenroth;842;31;347;41.45%;349;5;0;344;98;246
Eggiwil;2006;111;851;42.42%;851;9;13;829;252;577
Ersigen, Niederösch, Oberösch;1581;37;894;56.42%;892;8;2;882;336;546
Hasle bei Burgdorf;2541;62;1005;39.55%;1005;9;0;996;341;655
Heimiswil;1220;59;566;46.39%;566;4;4;558;232;326
Hindelbank;1709;15;803;46.93%;802;2;0;800;316;484
Höchstetten und Hellsau;355;1;165;46.48%;165;1;0;164;44;120
Kernenried;338;9;167;49.11%;166;1;1;164;42;122
Kirchberg ;4159;20;2219;53.35%;2219;17;0;2202;831;1371
Koppigen;1567;8;797;50.86%;797;3;0;794;273;521
Krauchthal;1822;25;947;51.92%;946;7;7;932;281;651
Langnau ;7205;321;3284;45.48%;3277;54;27;3196;1441;1755
Lauperswil;2173;102;906;41.46%;901;12;0;889;290;599
Lützelflüh;3188;110;1451;45.45%;1449;8;0;1441;513;928
Lyssach;1089;10;593;54.36%;592;5;5;582;195;387
Mötschwil und Rüti b.L.;243;10;123;50.62%;123;1;1;121;34;87
Oberburg;2049;14;943;45.68%;936;11;1;924;311;613
Röthenbach im Emmental;1015;54;415;40.89%;415;4;0;411;92;319
Rüderswil;1907;95;889;45.78%;873;8;0;865;317;548
Rüdtligen-Alchenflüh;1540;5;617;40.06%;617;2;0;615;193;422
Rüegsau;2519;67;1270;50.38%;1269;10;13;1246;401;845
Rumendingen;72;1;41;56.94%;41;1;0;40;15;25
Schangnau;761;75;342;44.94%;342;3;2;337;120;217
Signau;2180;68;965;44.17%;963;6;7;950;303;647
Sumiswald;4085;222;1748;42.77%;1747;18;0;1729;628;1101
Trachselwald;789;39;351;44.49%;351;1;0;350;114;236
Trub;1252;208;441;35.22%;441;8;0;433;130;303
Trubschachen;1086;34;486;44.66%;485;4;4;477;222;255
Utzenstorf;3126;44;1620;51.82%;1620;8;0;1612;574;1038
Wiler bei Utzenstorf;654;7;324;49.54%;324;3;0;321;120;201
Willadingen;174;2;113;64.94%;113;2;0;111;31;80
Wynigen;1625;52;811;49.85%;810;10;0;800;309;491
Zielebach;271;2;142;51.66%;140;0;0;140;22;118
;;;;;;;;;;
Total;73193;2082;34636;47.21%;34554;355;103;34096;12839;21257
;;;;;;;;;;
Änderung des Nationalstrassenabgabegesetzes (Autobahnvignette) / Modification de la loi sur la vignette autoroutière;;;;;;;;;;
Bern-Mittelland;;;;;;;;;;
;;;;;Stimmzettel / Bulletins;;;;;
Abstimmungskreis;Anzahl Stimmber.;AuslandschweizerInnen;Eingelangte Ausweiskarten;Stimmb.;Eingelangte;Ausser Betracht fallende / non valables;;in Betracht fallende;Ja;Nein
Circ. Politique;No. d'?lec.;Suisses de l'?tranger;Nombre de cartes de l?g. rentr?es;Part.;rentr?s ;leer / blancs ;ung?ltig / nuls ;valables;Oui;Non
;;;;;;;;;;
Allmendingen;414;1;248;59.90%;248;1;2;245;116;129
Arni ;779;35;341;43.65%;340;2;0;338;103;235
Bäriswil;814;11;461;56.63%;461;6;0;455;148;307
Belp;8277;63;4519;53.50%;4428;42;1;4385;1640;2745
Bern;86225;2313;45850;53.04%;45736;1178;25;44533;26253;18280
Biglen;1344;30;627;46.65%;627;8;0;619;226;393
Bleiken bei Oberdiessbach;306;18;164;53.59%;164;0;0;164;36;128
Bolligen;4732;103;3211;67.60%;3199;25;13;3161;1504;1657
Bowil;1101;23;460;41.78%;460;5;0;455;138;317
Bremgarten ;3216;37;2059;63.84%;2053;32;0;2021;1025;996
Brenzikofen;417;2;220;52.76%;220;1;0;219;53;166
Büren zum Hof;341;5;230;67.45%;230;0;0;230;92;138
Diemerswil;140;4;81;57.86%;81;0;0;81;32;49
Etzelkofen;259;3;148;57.14%;148;1;0;147;46;101
Ferenbalm;970;14;562;57.53%;558;6;0;552;148;404
Fraubrunnen;1375;11;850;61.53%;846;17;0;829;392;437
Frauenkappelen;957;7;538;56.22%;538;3;0;535;186;349
Freimettigen;346;4;193;55.49%;192;2;0;190;64;126
Gelterfingen;217;6;105;48.39%;105;0;0;105;27;78
Gerzensee;902;11;486;53.88%;486;3;4;479;174;305
Golaten;243;6;128;52.67%;128;0;1;127;44;83
Grafenried;765;19;464;60.65%;464;6;0;458;179;279
Grosshöchstetten;2572;50;1360;52.88%;1360;14;0;1346;511;835
Guggisberg;1323;107;528;39.46%;522;5;0;517;136;381
Gurbrü;196;12;107;54.59%;107;1;0;106;40;66
Häutligen;205;7;112;54.63%;112;0;0;112;22;90
Herbligen;446;16;211;47.31%;211;2;0;209;61;148
Iffwil;330;9;171;51.82%;171;1;0;170;62;108
Ittigen;7547;85;3898;51.60%;3894;53;1;3840;1610;2230
Jegenstorf;3598;27;2134;59.09%;2126;18;0;2108;939;1169
Kaufdorf;752;7;463;61.57%;463;3;0;460;199;261
Kehrsatz;2750;25;1608;58.47%;1608;19;0;1589;680;909
Kiesen;669;7;387;57.85%;387;5;0;382;137;245
Kirchdorf, Jaberg, Noflen;1122;31;638;56.86%;638;7;0;631;206;425
Kirchenthurnen;224;3;115;51.34%;115;0;0;115;27;88
Kirchlindach;2276;21;1484;62.96%;1433;26;1;1406;639;767
Köniz;27946;353;15471;54.93%;15352;256;4;15092;7278;7814
Konolfingen;3776;56;2044;52.54%;1984;16;11;1957;770;1187
Kriechenwil;345;10;194;56.23%;194;1;0;193;52;141
Landiswil;531;35;221;41.62%;221;1;0;220;51;169
Laupen;2106;13;1055;50.09%;1055;5;0;1050;443;607
Limpach;272;9;141;51.47%;140;1;0;139;44;95
Linden;1055;53;487;46.16%;487;4;0;483;108;375
Lohnstorf;163;2;92;56.44%;92;1;0;91;26;65
Mattstetten;479;13;298;61.38%;294;2;3;289;113;176
Meikirch;1956;30;1176;60.12%;1176;7;23;1146;501;645
Mirchel;458;13;210;44.98%;206;1;1;204;54;150
Moosseedorf;2564;28;1295;50.39%;1292;9;0;1283;757;526
Mühleberg;2154;38;1189;55.20%;1189;6;0;1183;377;806
Mühledorf ;179;5;109;60.89%;109;2;1;106;33;73
Mühlethurnen;1089;12;690;63.36%;690;8;0;682;293;389
Mülchi;182;1;107;58.79%;107;0;0;107;27;80
Münchenbuchsee;6957;55;3749;53.66%;3733;57;0;3676;1529;2147
Münchenwiler und Clavaleyres;375;4;187;49.87%;187;2;0;185;57;128
Münchringen;478;9;335;69.25%;331;5;0;326;147;179
Münsingen;8644;60;4841;55.52%;4799;67;1;4731;2120;2611
Muri bei Bern;9529;161;6089;62.92%;5996;42;24;5930;2813;3117
Neuenegg;3655;31;1977;54.06%;1976;21;0;1955;651;1304
Niederhünigen;479;8;254;53.03%;254;1;0;253;97;156
Oberbalm;703;32;360;51.07%;359;2;6;351;85;266
Oberdiessbach;2348;46;1197;50.98%;1197;11;3;1183;434;749
Oberhünigen;225;0;117;52.00%;117;0;4;113;27;86
Oberthal;628;22;283;45.06%;283;3;0;280;83;197
Oppligen;504;12;254;50.40%;254;2;0;252;94;158
Ostermundigen;10174;59;4784;46.90%;4772;57;0;4715;1971;2744
Riggisberg;1910;31;901;47.12%;900;7;10;883;246;637
Rubigen;2208;18;1297;58.56%;1293;14;0;1279;526;753
Rüeggisberg;1501;52;682;45.37%;681;4;0;677;193;484
Rümligen;356;1;208;58.43%;208;2;2;204;62;142
Rüschegg;1404;106;584;41.60%;584;12;0;572;164;408
Schalunen;282;1;162;57.09%;161;3;0;158;48;110
Scheunen;57;0;33;57.89%;33;0;0;33;8;25
Schlosswil;514;19;260;50.39%;259;1;0;258;95;163
Schwarzenburg;5451;148;2729;49.97%;2724;35;0;2689;915;1774
Stettlen;2159;23;1216;56.28%;1215;10;0;1205;526;679
Tägertschi;302;3;164;54.30%;164;1;0;163;62;101
Toffen;1917;17;1086;56.29%;1079;14;23;1042;364;678
Urtenen-Schönbühl;4245;23;2005;47.18%;2003;20;0;1983;702;1281
Vechigen;3814;66;2251;58.89%;2246;19;4;2223;944;1279
Wald und Niedermuhlern;1350;57;677;50.07%;676;12;1;663;294;369
Walkringen;1443;57;770;52.60%;759;6;0;753;234;519
Wichtrach;3094;22;1572;50.78%;1571;17;5;1549;561;988
Wiggiswil und Deisswil b.M.;147;9;80;54.42%;80;2;0;78;35;43
Wileroltigen;279;10;116;41.58%;116;1;0;115;38;77
Wohlen;6898;131;4532;64.96%;4481;72;7;4402;2034;2368
Worb;8244;97;4649;55.79%;4599;59;1;4539;1818;2721
Zauggenried;266;21;153;56.39%;150;1;0;149;43;106
Zäziwil;1246;34;599;48.07%;599;4;0;595;199;396
Zollikofen;6896;63;3931;56.86%;3921;42;1;3878;1720;2158
Zuzwil;453;11;278;61.15%;277;1;0;276;104;172
;;;;;;;;;;
Total;284540;5323;155302;54.29%;154484;2441;183;151860;70865;80995
;;;;;;;;;;
Änderung des Nationalstrassenabgabegesetzes (Autobahnvignette) / Modification de la loi sur la vignette autoroutière;;;;;;;;;;
Thun;;;;;;;;;;
;;;;;Stimmzettel / Bulletins;;;;;
Abstimmungskreis;Anzahl Stimmber.;AuslandschweizerInnen;Eingelangte Ausweiskarten;Stimmb.;Eingelangte;Ausser Betracht fallende / non valables;;in Betracht fallende;Ja;Nein
Circ. Politique;No. d'?lec.;Suisses de l'?tranger;Nombre de cartes de l?g. rentr?es;Part.;rentr?s ;leer / blancs ;ung?ltig / nuls ;valables;Oui;Non
;;;;;;;;;;
Amsoldingen;629;18;427;66.77%;420;4;0;416;124;292
Blumenstein;961;22;487;50.68%;487;5;0;482;148;334
Buchholterberg;1250;54;648;51.84%;648;3;0;645;159;486
Burgistein;836;20;432;51.67%;432;4;0;428;128;300
Eriz;429;41;198;46.15%;198;2;0;196;41;155
Fahrni;631;11;321;50.87%;321;4;0;317;73;244
Forst-Längenbühl;591;12;345;58.38%;345;3;0;342;98;244
Gurzelen;607;6;322;52.72%;320;3;0;317;68;249
Heiligenschwendi;516;17;290;56.20%;290;6;0;284;94;190
Heimberg;4945;19;2456;49.61%;2453;30;0;2423;733;1690
Hilterfingen;3155;22;1752;55.53%;1752;26;0;1726;784;942
Höfen;341;17;187;54.84%;187;3;0;184;48;136
Homberg;384;14;193;50.26%;193;1;1;191;32;159
Horrenbach-Buchen;199;0;103;51.76%;103;0;0;103;17;86
Niederstocken;208;1;103;49.52%;103;0;0;103;20;83
Oberhofen ;1867;37;1164;62.29%;1163;12;12;1139;463;676
Oberlangenegg;387;20;200;51.42%;199;2;2;195;32;163
Oberstocken;219;4;113;51.60%;113;0;0;113;25;88
Pohlern;201;3;100;49.75%;100;0;0;100;26;74
Reutigen;767;5;421;54.89%;421;2;0;419;117;302
Schwendibach;200;6;112;56.00%;112;2;0;110;34;76
Seftigen;1703;12;892;52.38%;892;8;0;884;308;576
Sigriswil;3762;137;2148;55.85%;2101;17;0;2084;615;1469
Steffisburg;11795;94;6303;53.40%;6299;92;1;6206;2299;3907
Teuffenthal;140;14;70;50.00%;70;1;0;69;16;53
Thierachern;1837;8;992;53.84%;989;4;0;985;329;656
Thun;32295;320;15757;48.62%;15702;199;0;15503;4825;10678
Uebeschi;504;3;277;54.96%;277;4;0;273;70;203
Uetendorf;4650;31;2526;54.09%;2515;12;31;2472;739;1733
Unterlangenegg;747;8;357;47.79%;357;2;0;355;88;267
Uttigen und Kienersrüti;1423;16;876;60.86%;866;8;0;858;285;573
Wachseldorn;188;1;100;53.19%;100;1;0;99;10;89
Wattenwil;2181;64;1189;54.52%;1189;15;0;1174;306;868
Zwieselberg;207;2;118;57.00%;118;2;0;116;29;87
;;;;;;;;;;
Total;80755;1059;41979;51.80%;41835;477;47;41311;13183;28128
;;;;;;;;;;
Änderung des Nationalstrassenabgabegesetzes (Autobahnvignette) / Modification de la loi sur la vignette autoroutière;;;;;;;;;;
Obersimmental-Saanen;;;;;;;;;;
;;;;;Stimmzettel / Bulletins;;;;;
Abstimmungskreis;Anzahl Stimmber.;AuslandschweizerInnen;Eingelangte Ausweiskarten;Stimmb.;Eingelangte;Ausser Betracht fallende / non valables;;in Betracht fallende;Ja;Nein
Circ. Politique;No. d'?lec.;Suisses de l'?tranger;Nombre de cartes de l?g. rentr?es;Part.;rentr?s ;leer / blancs ;ung?ltig / nuls ;valables;Oui;Non
;;;;;;;;;;
Boltigen;1108;36;510;45.94%;509;5;0;504;138;366
Gsteig;724;12;344;47.51%;344;1;0;343;94;249
Lauenen;619;38;305;49.27%;305;6;0;299;128;171
Lenk;1827;101;931;50.96%;931;13;13;905;286;619
Saanen;4323;139;2365;54.71%;2365;2;30;2333;1050;1283
St.Stephan;1042;44;628;60.27%;628;7;0;621;179;442
Zweisimmen;2304;53;1217;52.82%;1217;15;0;1202;428;774
;;;;;;;;;;
Total;11947;423;6300;52.72%;6299;49;43;6207;2303;3904
;;;;;;;;;;
Änderung des Nationalstrassenabgabegesetzes (Autobahnvignette) / Modification de la loi sur la vignette autoroutière;;;;;;;;;;
Frutigen-Niedersimmental;;;;;;;;;;
;;;;;Stimmzettel / Bulletins;;;;;
Abstimmungskreis;Anzahl Stimmber.;AuslandschweizerInnen;Eingelangte Ausweiskarten;Stimmb.;Eingelangte;Ausser Betracht fallende / non valables;;in Betracht fallende;Ja;Nein
Circ. Politique;No. d'?lec.;Suisses de l'?tranger;Nombre de cartes de l?g. rentr?es;Part.;rentr?s ;leer / blancs ;ung?ltig / nuls ;valables;Oui;Non
;;;;;;;;;;
Adelboden;2699;111;1768;64.91%;1752;34;0;1718;525;1193
Aeschi ;1698;37;894;52.59%;893;8;0;885;344;541
Därstetten;654;3;310;47.40%;310;3;0;307;50;257
Diemtigen;1694;54;873;51.42%;871;5;0;866;206;660
Erlenbach;1320;6;672;50.91%;672;8;0;664;191;473
Frutigen;5159;128;2932;56.52%;2916;34;28;2854;841;2013
Kandergrund;630;23;319;50.63%;319;0;0;319;64;255
Kandersteg;892;17;498;55.83%;498;5;0;493;204;289
Krattigen;857;14;466;54.38%;466;4;1;461;167;294
Oberwil ;700;38;370;52.57%;368;1;0;367;66;301
Reichenbach ;2749;58;1383;50.05%;1376;13;0;1363;390;973
Spiez;9692;101;5293;54.52%;5284;52;0;5232;2231;3001
Wimmis;1865;24;974;52.17%;973;4;0;969;273;696
;;;;;;;;;;
Total;30609;614;16752;54.55%;16698;171;29;16498;5552;10946
;;;;;;;;;;
Änderung des Nationalstrassenabgabegesetzes (Autobahnvignette) / Modification de la loi sur la vignette autoroutière;;;;;;;;;;
Interlaken-Oberhasli;;;;;;;;;;
;;;;;Stimmzettel / Bulletins;;;;;
Abstimmungskreis;Anzahl Stimmber.;AuslandschweizerInnen;Eingelangte Ausweiskarten;Stimmb.;Eingelangte;Ausser Betracht fallende / non valables;;in Betracht fallende;Ja;Nein
Circ. Politique;No. d'?lec.;Suisses de l'?tranger;Nombre de cartes de l?g. rentr?es;Part.;rentr?s ;leer / blancs ;ung?ltig / nuls ;valables;Oui;Non
;;;;;;;;;;
Beatenberg;872;36;464;53.10%;463;2;3;458;161;297
Bönigen;1929;25;932;48.32%;932;9;0;923;300;623
Brienz;2301;60;1131;48.98%;1127;11;0;1116;437;679
Brienzwiler;393;13;181;46.06%;181;1;0;180;45;135
Därligen;309;11;142;45.95%;142;1;0;141;39;102
Gadmen;205;17;76;37.07%;76;0;0;76;15;61
Grindelwald;2664;90;1205;44.63%;1189;19;0;1170;393;777
Gsteigwiler;336;12;159;47.32%;159;3;0;156;57;99
Gündlischwand;230;3;120;52.17%;120;0;0;120;30;90
Guttannen;232;8;103;44.40%;103;2;0;101;37;64
Habkern;478;12;232;48.54%;232;2;0;230;63;167
Hasliberg;869;40;393;44.99%;391;3;0;388;133;255
Hofstetten ;422;0;221;52.37%;221;3;2;216;69;147
Innertkirchen;645;20;303;46.98%;303;0;0;303;101;202
Interlaken;3602;47;1795;49.83%;1795;12;1;1782;783;999
Iseltwald;320;10;146;45.62%;146;1;0;145;31;114
Lauterbrunnen;1663;63;792;47.62%;792;10;2;780;339;441
Leissigen;744;8;387;52.02%;387;4;0;383;122;261
Lütschental;200;9;83;41.50%;83;0;0;83;19;64
Matten ;2715;22;1414;49.83%;1353;20;0;1333;505;828
Meiringen;3300;28;1656;49.88%;1646;24;0;1622;660;962
Niederried ;256;2;133;51.95%;133;0;1;132;41;91
Oberried ;363;12;168;46.28%;168;0;0;168;68;100
Ringgenberg ;2021;47;906;44.83%;906;4;0;902;340;562
Saxeten;84;7;39;46.43%;39;1;0;38;13;25
Schattenhalb;429;13;219;51.05%;219;2;3;214;86;128
Schwanden bei Brienz;472;8;254;53.81%;254;2;1;251;102;149
Unterseen;4074;44;2135;52.38%;2134;21;0;2113;941;1172
Wilderswil;1880;38;914;48.62%;914;10;0;904;355;549
;;;;;;;;;;
Total;34008;705;16703;48.84%;16608;167;13;16428;6285;10143
